common_name,scientific_name,level,gbif_pass,inaturalist_pass,wikimedia_pass,openimages_pass,total_pass,total_imgs,after_buffer,status,gap,top_failure_reasons
bongo,tragelaphus eurycerus,species,0,0,0,0,0,70,0,critical,1500,quality_grade 'casual' ∉ {'research'}(60); no animal detection(4); prediction_source 'detector' (need 'classifier')(4)
dingo,canis lupus dingo,species,0,0,0,0,0,0,0,critical,1500,
pinniped clade,pinniped,family,0,0,0,0,0,0,0,critical,1500,
mouflon,ovis orientalis,species,1,0,0,0,1,3,1,critical,1499,prediction_source 'classifier+rollup_to_genus' (need 'classifier')(1); prediction_source 'classifier+rollup_to_class' (need 'classifier')(1)
human,homo sapiens,species,2,0,0,0,2,107,2,critical,1498,prediction_source 'detector' (need 'classifier')(50); no animal detection(34); prediction_source 'classifier+rollup_to_genus' (need 'classifier')(3)
drill,mandrillus leucophaeus,species,2,6,0,0,8,38,6,critical,1494,quality_grade 'casual' ∉ {'research'}(15); prediction_source 'classifier+rollup_to_class' (need 'classifier')(4); prediction_source 'classifier+rollup_to_family' (need 'classifier')(3)
red river hog,potamochoerus porcus,species,2,7,0,0,9,89,7,critical,1493,quality_grade 'casual' ∉ {'research'}(58); quality_grade 'needs_id' ∉ {'research'}(5); prediction_source 'detector' (need 'classifier')(3)
clouded leopard,neofelis nebulosa,species,4,6,1,0,11,109,9,critical,1491,quality_grade 'casual' ∉ {'research'}(82); no animal detected (conf ≥ 0.6)(6); no animal detection(4)
snow leopard,panthera uncia,species,4,4,3,0,11,134,9,critical,1491,quality_grade 'casual' ∉ {'research'}(89); quality_grade 'needs_id' ∉ {'research'}(12); no animal detected (conf ≥ 0.6)(7)
giant panda,ailuropoda melanoleuca,species,7,3,2,0,12,147,10,critical,1490,quality_grade 'casual' ∉ {'research'}(121); no animal detection(3); no animal detected (conf ≥ 0.6)(3)
binturong,arctictis binturong,species,3,10,1,0,14,90,11,critical,1489,quality_grade 'casual' ∉ {'research'}(41); prediction_source 'detector' (need 'classifier')(10); no animal detection(6)
hog badger genus,arctonyx,genus,10,4,1,0,15,33,12,critical,1488,prediction_source 'detector' (need 'classifier')(5); quality_grade 'needs_id' ∉ {'research'}(4); prediction_score 0.529 < 0.6(3)
red-necked wallaby,macropus rufogriseus,species,15,0,0,0,15,47,12,critical,1488,prediction_source 'detector' (need 'classifier')(8); prediction_source 'classifier+rollup_to_genus' (need 'classifier')(8); prediction_source 'classifier+rollup_to_class' (need 'classifier')(6)
mangabeys genus,cercocebus,genus,6,10,0,0,16,104,13,critical,1487,quality_grade 'casual' ∉ {'research'}(30); prediction_source 'detector' (need 'classifier')(14); prediction_source 'classifier+rollup_to_family' (need 'classifier')(8)
giant armadillo,priodontes maximus,species,13,7,0,0,20,47,16,critical,1484,no animal detected (conf ≥ 0.6)(9); quality_grade 'needs_id' ∉ {'research'}(5); prediction_source 'detector' (need 'classifier')(3)
malay tapir,tapirus indicus,species,7,14,0,0,21,89,17,critical,1483,quality_grade 'casual' ∉ {'research'}(50); quality_grade 'needs_id' ∉ {'research'}(7); prediction_source 'detector' (need 'classifier')(3)
aye-aye,daubentonia madagascariensis,species,4,19,0,0,23,59,18,critical,1482,prediction_source 'detector' (need 'classifier')(10); no animal detected (conf ≥ 0.6)(6); quality_grade 'casual' ∉ {'research'}(5)
saiga,saiga tatarica,species,4,28,0,0,32,133,26,critical,1474,no animal detected (conf ≥ 0.6)(15); too small: 500×281 (min 320px on short side)(13); prediction_source 'detector' (need 'classifier')(12)
wolverine,gulo gulo,species,17,15,0,0,32,281,26,critical,1474,too small: 500×281 (min 320px on short side)(66); no animal detected (conf ≥ 0.6)(33); prediction_source 'detector' (need 'classifier')(26)
aardwolf,proteles cristata,species,12,0,24,0,36,80,29,critical,1471,prediction_source 'classifier+rollup_to_family' (need 'classifier')(15); prediction_source 'detector' (need 'classifier')(11); prediction_source 'classifier+rollup_to_order' (need 'classifier')(6)
pangolin family,manidae,family,0,40,4,0,44,180,35,critical,1465,no animal detected (conf ≥ 0.6)(57); prediction_source 'detector' (need 'classifier')(27); no animal detection(9)
american mink,neovison vison,species,45,0,1,0,46,284,37,critical,1463,prediction_source 'classifier+rollup_to_family' (need 'classifier')(105); prediction_source 'detector' (need 'classifier')(57); prediction_source 'classifier+rollup_to_class' (need 'classifier')(29)
aardvark,orycteropus afer,species,11,33,8,0,52,354,42,critical,1458,no animal detected (conf ≥ 0.6)(168); quality_grade 'needs_id' ∉ {'research'}(57); quality_grade 'casual' ∉ {'research'}(14)
cephalophus species,cephalophus,genus,47,5,0,0,52,226,42,critical,1458,prediction_source 'classifier+rollup_to_order' (need 'classifier')(36); prediction_source 'detector' (need 'classifier')(34); quality_grade 'casual' ∉ {'research'}(28)
fossa,cryptoprocta ferox,species,7,45,0,0,52,120,42,critical,1458,quality_grade 'casual' ∉ {'research'}(28); prediction_source 'detector' (need 'classifier')(9); prediction_source 'classifier+rollup_to_order' (need 'classifier')(7)
african civet,civettictis civetta,species,17,36,2,0,55,203,44,critical,1456,too small: 500×281 (min 320px on short side)(40); effectively grayscale (mean HSV saturation=0.0 < 15.0)(28); no animal detected (conf ≥ 0.6)(17)
yak,bos grunniens,species,0,58,1,0,59,228,47,critical,1453,quality_grade 'casual' ∉ {'research'}(132); no animal detected (conf ≥ 0.6)(5); too small: 231×500 (min 320px on short side)(4)
spilogale species,spilogale,genus,7,53,0,0,60,325,48,critical,1452,no animal detection(42); no animal detected (conf ≥ 0.6)(38); too small: 500×281 (min 320px on short side)(35)
black-backed jackal,canis mesomelas,species,61,0,0,0,61,108,49,critical,1451,prediction_source 'classifier+rollup_to_genus' (need 'classifier')(29); prediction_score 0.596 < 0.6(4); no animal detection(4)
asiatic wild ass,equus hemionus,species,5,57,0,0,62,242,50,critical,1450,prediction_source 'detector' (need 'classifier')(21); quality_grade 'casual' ∉ {'research'}(19); too small: 500×281 (min 320px on short side)(15)
callicebus genus,callicebus,genus,2,71,0,0,73,142,58,critical,1442,prediction_source 'detector' (need 'classifier')(24); too small: 281×500 (min 320px on short side)(13); no animal detected (conf ≥ 0.6)(11)
brown hyaena,parahyaena brunnea,species,13,61,0,0,74,195,59,critical,1441,no animal detected (conf ≥ 0.6)(41); effectively grayscale (mean HSV saturation=0.0 < 15.0)(13); prediction_source 'classifier+rollup_to_order' (need 'classifier')(6)
striped hyaena,hyaena hyaena,species,31,49,1,0,81,138,65,critical,1435,quality_grade 'casual' ∉ {'research'}(15); no animal detected (conf ≥ 0.6)(5); prediction_source 'detector' (need 'classifier')(4)
maned wolf,chrysocyon brachyurus,species,43,65,0,0,108,395,86,low,1414,no animal detected (conf ≥ 0.6)(52); quality_grade 'needs_id' ∉ {'research'}(47); quality_grade 'casual' ∉ {'research'}(32)
honey badger,mellivora capensis,species,24,85,0,0,109,278,87,low,1413,no animal detected (conf ≥ 0.6)(22); prediction_source 'classifier+rollup_to_family' (need 'classifier')(15); quality_grade 'needs_id' ∉ {'research'}(14)
water deer,hydropotes inermis,species,33,76,2,0,111,334,89,low,1411,quality_grade 'needs_id' ∉ {'research'}(38); prediction_source 'classifier+rollup_to_class' (need 'classifier')(32); too small: 500×281 (min 320px on short side)(31)
walrus,odobenus rosmarus,species,0,113,6,0,119,283,95,low,1405,no animal detected (conf ≥ 0.6)(45); too small: 500×281 (min 320px on short side)(31); quality_grade 'casual' ∉ {'research'}(12)
gerenuk,litocranius walleri,species,34,93,1,0,128,222,102,low,1398,prediction_source 'classifier+rollup_to_family' (need 'classifier')(42); prediction_source 'detector' (need 'classifier')(12); prediction_source 'classifier+rollup_to_kingdom' (need 'classifier')(6)
eurasian lynx,lynx lynx,species,85,45,0,0,130,640,104,low,1396,quality_grade 'casual' ∉ {'research'}(91); no animal detected (conf ≥ 0.6)(80); quality_grade 'needs_id' ∉ {'research'}(50)
european bison,bison bonasus,species,70,60,6,0,136,480,109,low,1391,quality_grade 'casual' ∉ {'research'}(162); no animal detected (conf ≥ 0.6)(49); prediction_source 'detector' (need 'classifier')(24)
canada lynx,lynx canadensis,species,45,98,1,0,144,628,115,low,1385,too small: 500×281 (min 320px on short side)(145); no animal detected (conf ≥ 0.6)(71); quality_grade 'needs_id' ∉ {'research'}(41)
black wildebeest,connochaetes gnou,species,51,94,0,0,145,332,116,low,1384,prediction_source 'classifier+rollup_to_family' (need 'classifier')(19); prediction_source 'classifier+rollup_to_genus' (need 'classifier')(9); too small: 500×282 (min 320px on short side)(9)
red brocket,mazama americana,species,109,36,0,0,145,297,116,low,1384,quality_grade 'needs_id' ∉ {'research'}(34); prediction_source 'classifier+rollup_to_genus' (need 'classifier')(29); prediction_source 'classifier+rollup_to_family' (need 'classifier')(23)
leopard cat,prionailurus bengalensis,species,49,95,2,0,146,301,117,low,1383,prediction_source 'classifier+rollup_to_family' (need 'classifier')(35); prediction_source 'detector' (need 'classifier')(20); no animal detected (conf ≥ 0.6)(18)
patas monkey,erythrocebus patas,species,54,92,0,0,146,249,117,low,1383,prediction_source 'classifier+rollup_to_family' (need 'classifier')(27); quality_grade 'casual' ∉ {'research'}(18); prediction_source 'detector' (need 'classifier')(11)
meerkat,suricata suricatta,species,11,137,0,0,148,633,118,low,1382,quality_grade 'casual' ∉ {'research'}(287); prediction_source 'detector' (need 'classifier')(80); no animal detected (conf ≥ 0.6)(18)
kirk's dik-dik,madoqua kirkii,species,89,66,0,0,155,288,124,low,1376,prediction_source 'classifier+rollup_to_genus' (need 'classifier')(33); prediction_source 'classifier+rollup_to_family' (need 'classifier')(18); prediction_source 'detector' (need 'classifier')(11)
dhole,cuon alpinus,species,48,109,0,0,157,302,126,low,1374,quality_grade 'needs_id' ∉ {'research'}(40); quality_grade 'casual' ∉ {'research'}(25); prediction_source 'classifier+rollup_to_family' (need 'classifier')(12)
roan antelope,hippotragus equinus,species,7,156,0,0,163,362,130,low,1370,prediction_source 'detector' (need 'classifier')(52); prediction_source 'classifier+rollup_to_family' (need 'classifier')(38); quality_grade 'casual' ∉ {'research'}(14)
fisher,pekania pennanti,species,67,99,0,0,166,965,133,low,1367,quality_grade 'needs_id' ∉ {'research'}(164); too small: 500×281 (min 320px on short side)(121); no animal detected (conf ≥ 0.6)(96)
kinkajou,potos flavus,species,10,164,1,0,175,544,140,low,1360,prediction_source 'detector' (need 'classifier')(77); quality_grade 'needs_id' ∉ {'research'}(56); no animal detected (conf ≥ 0.6)(44)
caracal,caracal caracal,species,30,145,2,0,177,456,142,low,1358,no animal detected (conf ≥ 0.6)(62); quality_grade 'needs_id' ∉ {'research'}(38); quality_grade 'casual' ∉ {'research'}(30)
grevy's zebra,equus grevyi,species,77,102,0,0,179,275,143,low,1357,quality_grade 'casual' ∉ {'research'}(42); prediction_source 'classifier+rollup_to_genus' (need 'classifier')(16); too small: 500×281 (min 320px on short side)(5)
serval,leptailurus serval,species,66,115,4,0,185,351,148,low,1352,quality_grade 'casual' ∉ {'research'}(61); no animal detected (conf ≥ 0.6)(25); quality_grade 'needs_id' ∉ {'research'}(19)
raccoon dog,nyctereutes procyonoides,species,34,160,2,0,196,869,157,low,1343,too small: 500×281 (min 320px on short side)(135); quality_grade 'needs_id' ∉ {'research'}(107); prediction_source 'detector' (need 'classifier')(78)
bat-eared fox,otocyon megalotis,species,37,166,0,0,203,474,162,low,1338,prediction_source 'classifier+rollup_to_family' (need 'classifier')(35); quality_grade 'casual' ∉ {'research'}(35); no animal detected (conf ≥ 0.6)(23)
kob,kobus kob,species,49,154,0,0,203,345,162,low,1338,prediction_source 'classifier+rollup_to_family' (need 'classifier')(40); prediction_source 'detector' (need 'classifier')(16); prediction_source 'classifier+rollup_to_order' (need 'classifier')(9)
chimpanzee,pan troglodytes,species,62,143,1,0,206,561,165,low,1335,quality_grade 'casual' ∉ {'research'}(148); no animal detected (conf ≥ 0.6)(71); prediction_source 'classifier+rollup_to_order' (need 'classifier')(29)
wild cat,felis silvestris,species,122,85,2,0,209,535,167,low,1333,prediction_source 'classifier+rollup_to_genus' (need 'classifier')(93); effectively grayscale (mean HSV saturation=0.0 < 15.0)(30); prediction_source 'classifier+rollup_to_family' (need 'classifier')(27)
ring-tailed lemur,lemur catta,species,32,208,0,0,240,644,192,low,1308,quality_grade 'casual' ∉ {'research'}(212); prediction_source 'detector' (need 'classifier')(57); no animal detected (conf ≥ 0.6)(36)
baird's tapir,tapirus bairdii,species,66,183,0,0,249,673,199,low,1301,no animal detected (conf ≥ 0.6)(141); quality_grade 'casual' ∉ {'research'}(95); too small: 281×500 (min 320px on short side)(34)
ocelot,leopardus pardalis,species,158,92,0,0,250,740,200,low,1300,quality_grade 'casual' ∉ {'research'}(90); quality_grade 'needs_id' ∉ {'research'}(66); no animal detected (conf ≥ 0.6)(57)
ringtail,bassariscus astutus,species,29,226,0,0,255,1397,204,low,1296,quality_grade 'needs_id' ∉ {'research'}(319); no animal detected (conf ≥ 0.6)(213); too small: 500×281 (min 320px on short side)(151)
quokka,setonix brachyurus,species,17,241,0,0,258,472,206,low,1294,prediction_source 'detector' (need 'classifier')(62); prediction_source 'classifier+rollup_to_class' (need 'classifier')(36); prediction_source 'classifier+rollup_to_order' (need 'classifier')(19)
genet genus,genetta,genus,22,252,2,0,276,1320,221,low,1279,quality_grade 'needs_id' ∉ {'research'}(272); too small: 500×281 (min 320px on short side)(181); no animal detected (conf ≥ 0.6)(99)
dromedary camel,camelus dromedarius,species,144,134,1,0,279,694,223,low,1277,quality_grade 'casual' ∉ {'research'}(257); no animal detected (conf ≥ 0.6)(27); prediction_source 'detector' (need 'classifier')(16)
sable antelope,hippotragus niger,species,44,242,0,0,286,575,229,low,1271,prediction_source 'classifier+rollup_to_family' (need 'classifier')(73); quality_grade 'casual' ∉ {'research'}(57); prediction_source 'detector' (need 'classifier')(44)
blackbuck,antilope cervicapra,species,40,260,0,0,300,662,240,low,1260,prediction_source 'classifier+rollup_to_family' (need 'classifier')(80); quality_grade 'casual' ∉ {'research'}(57); prediction_source 'detector' (need 'classifier')(46)
bornean orangutan,pongo pygmaeus,species,102,225,1,0,328,690,262,low,1238,no animal detected (conf ≥ 0.6)(92); quality_grade 'casual' ∉ {'research'}(88); no animal detection(57)
japanese macaque,macaca fuscata,species,45,296,0,0,341,593,273,low,1227,prediction_source 'classifier+rollup_to_genus' (need 'classifier')(67); prediction_source 'detector' (need 'classifier')(30); quality_grade 'casual' ∉ {'research'}(28)
tayra,eira barbara,species,144,197,0,0,341,557,273,low,1227,no animal detected (conf ≥ 0.6)(28); too small: 500×281 (min 320px on short side)(19); prediction_source 'detector' (need 'classifier')(17)
red panda,ailurus fulgens,species,11,15,1,317,344,587,275,low,1225,quality_grade 'casual' ∉ {'research'}(207); no animal detection(7); no animal detected (conf ≥ 0.6)(6)
reedbuck genus,redunca,genus,52,292,0,0,344,673,275,low,1225,prediction_source 'classifier+rollup_to_family' (need 'classifier')(78); prediction_source 'classifier+rollup_to_order' (need 'classifier')(52); prediction_source 'detector' (need 'classifier')(31)
bushbuck,tragelaphus scriptus,species,283,63,0,0,346,471,277,low,1223,prediction_source 'detector' (need 'classifier')(26); prediction_source 'classifier+rollup_to_family' (need 'classifier')(21); prediction_source 'classifier+rollup_to_order' (need 'classifier')(19)
glaucomys species,glaucomys,genus,42,305,0,0,347,1444,278,low,1222,prediction_source 'detector' (need 'classifier')(205); quality_grade 'needs_id' ∉ {'research'}(139); no animal detected (conf ≥ 0.6)(92)
sun bear,helarctos malayanus,species,16,29,0,306,351,542,281,low,1219,quality_grade 'casual' ∉ {'research'}(69); effectively grayscale (mean HSV saturation=0.0 < 15.0)(17); quality_grade 'needs_id' ∉ {'research'}(17)
lowland tapir,tapirus terrestris,species,130,226,0,0,356,902,285,low,1215,no animal detected (conf ≥ 0.6)(150); quality_grade 'casual' ∉ {'research'}(119); quality_grade 'needs_id' ∉ {'research'}(52)
gorilla species,gorilla,genus,110,259,1,0,370,773,296,low,1204,quality_grade 'casual' ∉ {'research'}(193); no animal detected (conf ≥ 0.6)(83); prediction_source 'classifier+rollup_to_class' (need 'classifier')(20)
asiatic black bear,ursus thibetanus,species,20,49,1,306,376,619,301,low,1199,quality_grade 'casual' ∉ {'research'}(52); too small: 500×281 (min 320px on short side)(38); effectively grayscale (mean HSV saturation=0.0 < 15.0)(29)
nilgai,boselaphus tragocamelus,species,34,346,0,0,380,857,304,low,1196,prediction_source 'detector' (need 'classifier')(98); prediction_source 'classifier+rollup_to_family' (need 'classifier')(68); no animal detected (conf ≥ 0.6)(60)
giant anteater,myrmecophaga tridactyla,species,154,228,0,0,382,679,306,low,1194,quality_grade 'casual' ∉ {'research'}(79); no animal detected (conf ≥ 0.6)(60); too small: 500×281 (min 320px on short side)(30)
leopardus species,leopardus,genus,149,245,5,0,399,875,319,low,1181,quality_grade 'needs_id' ∉ {'research'}(101); too small: 500×281 (min 320px on short side)(62); prediction_source 'classifier+rollup_to_family' (need 'classifier')(51)
sloth bear,melursus ursinus,species,21,75,0,306,402,633,322,low,1178,quality_grade 'needs_id' ∉ {'research'}(51); quality_grade 'casual' ∉ {'research'}(46); no animal detected (conf ≥ 0.6)(28)
spectacled bear,tremarctos ornatus,species,45,59,0,306,410,709,328,low,1172,quality_grade 'casual' ∉ {'research'}(139); no animal detected (conf ≥ 0.6)(28); quality_grade 'needs_id' ∉ {'research'}(24)
leaf monkeys genus,presbytis,genus,64,362,2,0,428,783,342,low,1158,no animal detected (conf ≥ 0.6)(78); prediction_source 'detector' (need 'classifier')(73); prediction_source 'classifier+rollup_to_family' (need 'classifier')(59)
thomson's gazelle,eudorcas thomsonii,species,226,214,0,0,440,587,352,low,1148,prediction_source 'classifier+rollup_to_family' (need 'classifier')(15); too small: 500×281 (min 320px on short side)(14); prediction_source 'detector' (need 'classifier')(12)
nine-banded armadillo,dasypus novemcinctus,species,193,249,0,0,442,729,354,low,1146,no animal detected (conf ≥ 0.6)(65); quality_grade 'needs_id' ∉ {'research'}(39); too small: 500×281 (min 320px on short side)(20)
domestic pig,sus scrofa scrofa,species,0,0,0,460,460,500,368,low,1132,effectively grayscale (mean HSV saturation=0.0 < 15.0)(11); blurry (Laplacian var=38.4 < 100.0)(1); blurry (Laplacian var=50.4 < 100.0)(1)
domestic goat,capra aegagrus hircus,species,0,0,4,474,478,504,382,low,1118,effectively grayscale (mean HSV saturation=0.0 < 15.0)(9); blurry (Laplacian var=64.0 < 100.0)(1); blurry (Laplacian var=41.1 < 100.0)(1)
domestic water buffalo,bubalus bubalis,species,193,288,0,0,481,1355,385,low,1115,quality_grade 'casual' ∉ {'research'}(630); prediction_source 'classifier+rollup_to_family' (need 'classifier')(32); no animal detected (conf ≥ 0.6)(21)
grant's gazelle,nanger granti,species,201,291,0,0,492,677,394,low,1106,prediction_source 'classifier+rollup_to_family' (need 'classifier')(51); no animal detected (conf ≥ 0.6)(12); prediction_source 'detector' (need 'classifier')(11)
american badger,taxidea taxus,species,97,395,1,0,493,1260,394,low,1106,no animal detected (conf ≥ 0.6)(265); quality_grade 'needs_id' ∉ {'research'}(156); prediction_source 'detector' (need 'classifier')(42)
hoffmann's two-toed sloth,choloepus hoffmanni,species,22,480,0,0,502,1196,402,marginal,1098,no animal detected (conf ≥ 0.6)(248); prediction_source 'detector' (need 'classifier')(154); prediction_source 'classifier+rollup_to_class' (need 'classifier')(44)
old world porcupine family,hystricidae,family,62,440,0,0,502,2597,402,marginal,1098,no animal detected (conf ≥ 0.6)(803); quality_grade 'needs_id' ∉ {'research'}(500); too small: 500×281 (min 320px on short side)(119)
eulemur species,eulemur,genus,28,480,0,0,508,1125,406,marginal,1094,prediction_source 'detector' (need 'classifier')(143); quality_grade 'casual' ∉ {'research'}(119); no animal detected (conf ≥ 0.6)(101)
puma,puma concolor,species,84,427,3,0,514,3527,411,marginal,1089,no animal detected (conf ≥ 0.6)(1107); effectively grayscale (mean HSV saturation=0.0 < 15.0)(488); too small: 500×281 (min 320px on short side)(269)
klipspringer,oreotragus oreotragus,species,46,502,0,0,548,1306,438,marginal,1062,no animal detected (conf ≥ 0.6)(248); prediction_source 'detector' (need 'classifier')(130); quality_grade 'needs_id' ∉ {'research'}(62)
common duiker,sylvicapra grimmia,species,128,431,0,0,559,1240,447,marginal,1053,too small: 500×281 (min 320px on short side)(97); no animal detected (conf ≥ 0.6)(94); quality_grade 'needs_id' ∉ {'research'}(70)
jaguar,panthera onca,species,203,364,6,0,573,1082,458,marginal,1042,quality_grade 'casual' ∉ {'research'}(176); no animal detected (conf ≥ 0.6)(156); quality_grade 'needs_id' ∉ {'research'}(42)
colobus species,colobus,genus,197,377,1,0,575,880,460,marginal,1040,no animal detected (conf ≥ 0.6)(103); quality_grade 'casual' ∉ {'research'}(48); prediction_source 'detector' (need 'classifier')(45)
springbok,antidorcas marsupialis,species,136,506,0,0,642,1250,514,marginal,986,prediction_source 'classifier+rollup_to_family' (need 'classifier')(92); no animal detected (conf ≥ 0.6)(52); quality_grade 'casual' ∉ {'research'}(30)
blesbok,damaliscus pygargus,species,91,553,0,0,644,1337,515,marginal,985,prediction_source 'classifier+rollup_to_family' (need 'classifier')(96); no animal detected (conf ≥ 0.6)(80); prediction_source 'detector' (need 'classifier')(58)
common wombat,vombatus ursinus,species,108,545,0,0,653,1258,522,marginal,978,no animal detected (conf ≥ 0.6)(159); quality_grade 'needs_id' ∉ {'research'}(97); prediction_source 'detector' (need 'classifier')(66)
red kangaroo,osphranter rufus,species,38,187,0,441,666,991,533,marginal,967,quality_grade 'casual' ∉ {'research'}(137); prediction_source 'classifier+rollup_to_family' (need 'classifier')(38); prediction_source 'classifier+rollup_to_genus' (need 'classifier')(26)
mountain goat,oreamnos americanus,species,75,635,0,0,710,1653,568,marginal,932,no animal detected (conf ≥ 0.6)(216); too small: 500×281 (min 320px on short side)(86); prediction_source 'detector' (need 'classifier')(54)
nyala,tragelaphus angasii,species,86,648,0,0,734,1150,587,marginal,913,prediction_source 'classifier+rollup_to_family' (need 'classifier')(70); prediction_source 'detector' (need 'classifier')(48); prediction_source 'classifier+rollup_to_genus' (need 'classifier')(46)
giraffe,giraffa camelopardalis,species,140,130,0,473,743,890,594,marginal,906,quality_grade 'casual' ∉ {'research'}(51); prediction_source 'detector' (need 'classifier')(14); too small: 500×281 (min 320px on short side)(13)
gemsbok,oryx gazella,species,239,515,0,0,754,1288,603,marginal,897,no animal detected (conf ≥ 0.6)(95); prediction_source 'detector' (need 'classifier')(34); prediction_source 'classifier+rollup_to_genus' (need 'classifier')(31)
eurasian badger,meles meles,species,39,720,1,0,760,4001,608,marginal,892,no animal detected (conf ≥ 0.6)(884); quality_grade 'needs_id' ∉ {'research'}(732); too small: 500×281 (min 320px on short side)(554)
grey wolf,canis lupus,species,80,261,8,446,795,3138,636,marginal,864,quality_grade 'needs_id' ∉ {'research'}(847); no animal detected (conf ≥ 0.6)(400); quality_grade 'casual' ∉ {'research'}(333)
steenbok,raphicerus campestris,species,112,708,0,0,820,1258,656,marginal,844,prediction_source 'classifier+rollup_to_family' (need 'classifier')(101); prediction_source 'classifier+rollup_to_order' (need 'classifier')(48); no animal detected (conf ≥ 0.6)(46)
eurasian otter,lutra lutra,species,50,313,0,459,822,2231,658,marginal,842,no animal detected (conf ≥ 0.6)(366); quality_grade 'needs_id' ∉ {'research'}(284); too small: 500×281 (min 320px on short side)(88)
golden jackal,canis aureus,species,122,697,3,0,822,1321,658,marginal,842,prediction_source 'classifier+rollup_to_genus' (need 'classifier')(75); no animal detected (conf ≥ 0.6)(49); prediction_source 'classifier+rollup_to_family' (need 'classifier')(40)
giant otter,pteronura brasiliensis,species,82,287,0,459,828,1153,662,marginal,838,no animal detected (conf ≥ 0.6)(68); prediction_source 'classifier+rollup_to_family' (need 'classifier')(41); prediction_source 'detector' (need 'classifier')(16)
hartebeest,alcelaphus buselaphus,species,178,672,0,0,850,1158,680,marginal,820,no animal detected (conf ≥ 0.6)(24); too small: 500×281 (min 320px on short side)(12); prediction_source 'classifier+rollup_to_family' (need 'classifier')(10)
sambar,rusa unicolor,species,154,706,0,0,860,1564,688,marginal,812,quality_grade 'needs_id' ∉ {'research'}(175); no animal detected (conf ≥ 0.6)(118); prediction_source 'classifier+rollup_to_family' (need 'classifier')(52)
african wild dog,lycaon pictus,species,137,359,367,0,863,1143,690,marginal,810,quality_grade 'casual' ∉ {'research'}(58); no animal detected (conf ≥ 0.6)(39); prediction_source 'classifier+rollup_to_class' (need 'classifier')(16)
domestic sheep,ovis aries,species,116,330,3,442,891,3790,713,marginal,787,quality_grade 'casual' ∉ {'research'}(2305); no animal detected (conf ≥ 0.6)(135); prediction_source 'classifier+rollup_to_family' (need 'classifier')(53)
common eland,tragelaphus oryx,species,220,673,0,0,893,1472,714,marginal,786,no animal detected (conf ≥ 0.6)(77); quality_grade 'casual' ∉ {'research'}(52); quality_grade 'needs_id' ∉ {'research'}(42)
mountain zebra,equus zebra,species,131,308,0,457,896,1191,717,marginal,783,quality_grade 'casual' ∉ {'research'}(30); no animal detected (conf ≥ 0.6)(28); effectively grayscale (mean HSV saturation=0.0 < 15.0)(28)
saguinus species,saguinus,genus,9,899,0,0,908,1523,726,marginal,774,no animal detected (conf ≥ 0.6)(168); quality_grade 'casual' ∉ {'research'}(103); prediction_source 'detector' (need 'classifier')(55)
south american coati,nasua nasua,species,230,756,0,0,986,1397,789,marginal,711,quality_grade 'casual' ∉ {'research'}(75); no animal detected (conf ≥ 0.6)(48); too small: 500×281 (min 320px on short side)(44)
tiger,panthera tigris,species,163,336,8,490,997,1886,798,marginal,702,quality_grade 'casual' ∉ {'research'}(535); no animal detected (conf ≥ 0.6)(112); too small: 500×250 (min 320px on short side)(73)
chital,axis axis,species,124,885,0,0,1009,1626,807,good,693,prediction_source 'classifier+rollup_to_family' (need 'classifier')(94); quality_grade 'casual' ∉ {'research'}(76); no animal detected (conf ≥ 0.6)(73)
muntjac genus,muntiacus,genus,135,938,0,0,1073,2003,858,good,642,no animal detected (conf ≥ 0.6)(134); quality_grade 'needs_id' ∉ {'research'}(132); too small: 500×281 (min 320px on short side)(110)
saimiri species,saimiri,genus,73,1029,0,0,1102,1941,882,good,618,no animal detected (conf ≥ 0.6)(245); quality_grade 'casual' ∉ {'research'}(107); prediction_source 'classifier+rollup_to_genus' (need 'classifier')(87)
domestic cattle,bos taurus,species,188,475,0,451,1114,6263,891,good,609,quality_grade 'casual' ∉ {'research'}(4614); no animal detected (conf ≥ 0.6)(188); quality_grade 'needs_id' ∉ {'research'}(87)
sika deer,cervus nippon,species,157,966,0,0,1123,1705,898,good,602,quality_grade 'casual' ∉ {'research'}(104); prediction_source 'classifier+rollup_to_family' (need 'classifier')(70); no animal detected (conf ≥ 0.6)(63)
northern chamois,rupicapra rupicapra,species,132,1019,0,0,1151,2241,921,good,579,no animal detected (conf ≥ 0.6)(178); too small: 500×281 (min 320px on short side)(87); quality_grade 'needs_id' ∉ {'research'}(70)
rock hyrax,procavia capensis,species,45,1135,0,0,1180,2153,944,good,556,no animal detected (conf ≥ 0.6)(272); prediction_source 'detector' (need 'classifier')(108); prediction_source 'classifier+rollup_to_class' (need 'classifier')(92)
ateles species,ateles,genus,12,1173,0,0,1185,2074,948,good,552,no animal detected (conf ≥ 0.6)(429); quality_grade 'casual' ∉ {'research'}(192); too small: 500×281 (min 320px on short side)(48)
cercopithecus species,cercopithecus,genus,276,915,0,0,1191,2056,953,good,547,too small: 500×281 (min 320px on short side)(165); no animal detected (conf ≥ 0.6)(157); quality_grade 'casual' ∉ {'research'}(91)
domestic donkey,equus asinus,species,153,600,1,450,1204,2435,963,good,537,quality_grade 'casual' ∉ {'research'}(727); quality_grade 'needs_id' ∉ {'research'}(98); prediction_source 'classifier+rollup_to_class' (need 'classifier')(53)
brown-throated sloth,bradypus variegatus,species,5,1208,0,0,1213,2282,970,good,530,no animal detected (conf ≥ 0.6)(515); prediction_source 'detector' (need 'classifier')(224); too small: 281×500 (min 320px on short side)(71)
pikas genus,ochotona,genus,63,1161,1,0,1225,2312,980,good,520,no animal detected (conf ≥ 0.6)(340); quality_grade 'needs_id' ∉ {'research'}(172); prediction_source 'classifier+rollup_to_class' (need 'classifier')(68)
martes species,martes,genus,129,1101,1,0,1231,4330,985,good,515,quality_grade 'needs_id' ∉ {'research'}(720); too small: 500×281 (min 320px on short side)(436); effectively grayscale (mean HSV saturation=0.0 < 15.0)(285)
reindeer,rangifer tarandus,species,39,719,3,473,1234,2470,987,good,513,no animal detected (conf ≥ 0.6)(256); quality_grade 'casual' ∉ {'research'}(116); quality_grade 'needs_id' ∉ {'research'}(99)
spotted hyaena,crocuta crocuta,species,227,1047,1,0,1275,1798,1020,good,480,no animal detected (conf ≥ 0.6)(73); too small: 500×281 (min 320px on short side)(44); quality_grade 'casual' ∉ {'research'}(34)
rhinoceros family,rhinocerotidae,family,0,1292,7,0,1299,2277,1039,good,461,quality_grade 'casual' ∉ {'research'}(330); no animal detected (conf ≥ 0.6)(90); too small: 500×281 (min 320px on short side)(84)
waterbuck,kobus ellipsiprymnus,species,201,1120,0,0,1321,1790,1057,good,443,quality_grade 'casual' ∉ {'research'}(57); too small: 500×281 (min 320px on short side)(40); prediction_source 'classifier+rollup_to_family' (need 'classifier')(32)
cheetah,acinonyx jubatus,species,260,652,3,484,1399,1851,1119,good,381,quality_grade 'casual' ∉ {'research'}(152); no animal detected (conf ≥ 0.6)(76); too small: 500×281 (min 320px on short side)(21)
alpine marmot,marmota marmota,species,38,1371,0,0,1409,2646,1127,good,373,no animal detected (conf ≥ 0.6)(226); prediction_source 'classifier+rollup_to_genus' (need 'classifier')(132); too small: 500×281 (min 320px on short side)(101)
brown bear,ursus arctos,species,129,1013,9,306,1457,3689,1166,good,334,no animal detected (conf ≥ 0.6)(474); too small: 500×281 (min 320px on short side)(402); quality_grade 'casual' ∉ {'research'}(349)
common fallow deer,dama dama,species,125,1386,0,0,1511,3129,1209,excellent,291,quality_grade 'casual' ∉ {'research'}(490); no animal detected (conf ≥ 0.6)(168); too small: 500×281 (min 320px on short side)(88)
swamp wallaby,wallabia bicolor,species,200,1316,0,0,1516,2579,1213,excellent,287,too small: 500×281 (min 320px on short side)(191); no animal detected (conf ≥ 0.6)(172); quality_grade 'needs_id' ∉ {'research'}(103)
callithrix species,callithrix,genus,7,1526,2,0,1535,2881,1228,excellent,272,no animal detected (conf ≥ 0.6)(276); prediction_source 'detector' (need 'classifier')(249); quality_grade 'needs_id' ∉ {'research'}(229)
cebus species,cebus,genus,145,1410,1,0,1556,2654,1245,excellent,255,no animal detected (conf ≥ 0.6)(234); quality_grade 'needs_id' ∉ {'research'}(124); prediction_source 'classifier+rollup_to_class' (need 'classifier')(82)
common warthog,phacochoerus africanus,species,9,1549,1,0,1559,2067,1247,excellent,253,quality_grade 'casual' ∉ {'research'}(85); too small: 500×281 (min 320px on short side)(45); no animal detected (conf ≥ 0.6)(39)
weasel species,mustela,genus,89,1495,10,0,1594,4025,1275,excellent,225,quality_grade 'needs_id' ∉ {'research'}(395); prediction_source 'detector' (need 'classifier')(352); no animal detected (conf ≥ 0.6)(322)
common wildebeest,connochaetes taurinus,species,238,1362,0,0,1600,2318,1280,excellent,220,no animal detected (conf ≥ 0.6)(62); quality_grade 'casual' ∉ {'research'}(57); too small: 500×281 (min 320px on short side)(55)
hippopotamus,hippopotamus amphibius,species,101,1155,2,364,1622,3159,1298,excellent,202,no animal detected (conf ≥ 0.6)(330); quality_grade 'casual' ∉ {'research'}(111); prediction_source 'detector' (need 'classifier')(77)
leopard,panthera pardus,species,182,969,6,480,1637,2694,1310,excellent,190,no animal detected (conf ≥ 0.6)(350); quality_grade 'casual' ∉ {'research'}(198); quality_grade 'needs_id' ∉ {'research'}(142)
vervet monkey,chlorocebus pygerythrus,species,237,1414,1,0,1652,2330,1322,excellent,178,no animal detected (conf ≥ 0.6)(183); too small: 500×281 (min 320px on short side)(56); quality_grade 'needs_id' ∉ {'research'}(41)
asian elephant,elephas maximus,species,151,1039,2,472,1664,2713,1331,excellent,169,quality_grade 'casual' ∉ {'research'}(389); no animal detected (conf ≥ 0.6)(163); quality_grade 'needs_id' ∉ {'research'}(54)
alpine ibex,capra ibex,species,164,1043,16,474,1697,2264,1358,excellent,142,no animal detected (conf ≥ 0.6)(70); prediction_source 'classifier+rollup_to_family' (need 'classifier')(65); too small: 500×281 (min 320px on short side)(65)
greater kudu,tragelaphus strepsiceros,species,244,1457,0,0,1701,2127,1361,excellent,139,no animal detected (conf ≥ 0.6)(59); quality_grade 'casual' ∉ {'research'}(49); too small: 500×281 (min 320px on short side)(24)
collared peccary,pecari tajacu,species,213,1495,1,0,1709,2765,1367,excellent,133,no animal detected (conf ≥ 0.6)(257); quality_grade 'needs_id' ∉ {'research'}(156); too small: 500×281 (min 320px on short side)(96)
lycalopex species,lycalopex,genus,294,1429,0,0,1723,2806,1378,excellent,122,quality_grade 'needs_id' ∉ {'research'}(180); prediction_source 'classifier+rollup_to_family' (need 'classifier')(137); too small: 500×281 (min 320px on short side)(101)
arizona black-tailed prairie dog,cynomys ludovicianus,species,178,1605,3,0,1786,3424,1429,excellent,71,no animal detected (conf ≥ 0.6)(355); quality_grade 'casual' ∉ {'research'}(119); quality_grade 'needs_id' ∉ {'research'}(102)
elephant seal,mirounga,genus,0,1783,4,0,1787,2738,1430,excellent,70,no animal detected (conf ≥ 0.6)(312); too small: 500×281 (min 320px on short side)(78); quality_grade 'casual' ∉ {'research'}(24)
sea otter,enhydra lutris,species,37,1312,6,459,1814,4252,1451,excellent,49,no animal detected (conf ≥ 0.6)(754); too small: 500×281 (min 320px on short side)(129); prediction_source 'detector' (need 'classifier')(86)
capybara,hydrochoerus hydrochaeris,species,184,1671,3,0,1858,3250,1486,excellent,14,no animal detected (conf ≥ 0.6)(424); too small: 500×281 (min 320px on short side)(121); quality_grade 'casual' ∉ {'research'}(117)
short-beaked echidna,tachyglossus aculeatus,species,204,1660,0,0,1864,2995,1491,excellent,9,no animal detected (conf ≥ 0.6)(550); too small: 281×500 (min 320px on short side)(107); too small: 500×281 (min 320px on short side)(94)
llama genus,lama,genus,291,1586,2,0,1879,3906,1503,excellent,0,quality_grade 'casual' ∉ {'research'}(890); prediction_source 'classifier+rollup_to_order' (need 'classifier')(119); prediction_source 'detector' (need 'classifier')(103)
yellow-bellied marmot,marmota flaviventris,species,133,1756,0,0,1889,3030,1511,excellent,0,no animal detected (conf ≥ 0.6)(308); too small: 500×281 (min 320px on short side)(113); quality_grade 'needs_id' ∉ {'research'}(85)
african buffalo,syncerus caffer,species,217,1538,158,0,1913,2777,1530,excellent,0,no animal detected (conf ≥ 0.6)(83); too small: 500×281 (min 320px on short side)(79); quality_grade 'casual' ∉ {'research'}(64)
agouti genus,dasyprocta,genus,181,1817,26,0,2024,2945,1619,excellent,0,quality_grade 'needs_id' ∉ {'research'}(190); no animal detected (conf ≥ 0.6)(121); too small: 500×281 (min 320px on short side)(66)
grey fox,urocyon cinereoargenteus,species,52,1597,0,455,2104,6178,1683,excellent,0,too small: 500×281 (min 320px on short side)(1151); no animal detected (conf ≥ 0.6)(672); quality_grade 'needs_id' ∉ {'research'}(597)
koala,phascolarctos cinereus,species,33,1755,1,356,2145,4084,1716,excellent,0,no animal detected (conf ≥ 0.6)(781); quality_grade 'casual' ∉ {'research'}(153); prediction_source 'detector' (need 'classifier')(140)
red deer,cervus elaphus,species,149,1566,2,472,2189,4115,1751,excellent,0,quality_grade 'needs_id' ∉ {'research'}(316); no animal detected (conf ≥ 0.6)(263); quality_grade 'casual' ∉ {'research'}(233)
north american porcupine,erethizon dorsatum,species,126,2077,0,0,2203,4448,1762,excellent,0,no animal detected (conf ≥ 0.6)(1181); too small: 500×281 (min 320px on short side)(231); quality_grade 'needs_id' ∉ {'research'}(158)
impala,aepyceros melampus,species,247,1978,1,0,2226,3130,1781,excellent,0,quality_grade 'casual' ∉ {'research'}(92); no animal detected (conf ≥ 0.6)(90); too small: 500×281 (min 320px on short side)(53)
western gray squirrel,sciurus griseus,species,194,2048,0,0,2242,3118,1794,excellent,0,no animal detected (conf ≥ 0.6)(304); too small: 500×281 (min 320px on short side)(89); quality_grade 'needs_id' ∉ {'research'}(69)
domestic horse,equus caballus,species,179,1644,0,456,2279,5786,1823,excellent,0,quality_grade 'casual' ∉ {'research'}(2347); no animal detected (conf ≥ 0.6)(203); too small: 500×281 (min 320px on short side)(71)
white-nosed coati,nasua narica,species,124,2165,0,0,2289,3294,1831,excellent,0,no animal detected (conf ≥ 0.6)(220); too small: 500×281 (min 320px on short side)(129); too small: 281×500 (min 320px on short side)(77)
bobcat,lynx rufus,species,126,2180,0,0,2306,7552,1845,excellent,0,too small: 500×281 (min 320px on short side)(1459); no animal detected (conf ≥ 0.6)(1031); quality_grade 'needs_id' ∉ {'research'}(803)
american bison,bison bison,species,205,2127,3,0,2335,4539,1868,excellent,0,quality_grade 'casual' ∉ {'research'}(947); no animal detected (conf ≥ 0.6)(187); too small: 500×281 (min 320px on short side)(101)
pronghorn,antilocapra americana,species,195,2182,0,0,2377,4258,1902,excellent,0,no animal detected (conf ≥ 0.6)(290); too small: 500×281 (min 320px on short side)(94); too small: 281×500 (min 320px on short side)(30)
striped skunk,mephitis mephitis,species,65,2367,1,0,2433,6933,1946,excellent,0,no animal detected (conf ≥ 0.6)(1076); too small: 500×281 (min 320px on short side)(804); effectively grayscale (mean HSV saturation=0.0 < 15.0)(417)
mongoose family,herpestidae,family,0,2466,3,0,2469,4668,1975,excellent,0,quality_grade 'needs_id' ∉ {'research'}(542); no animal detected (conf ≥ 0.6)(438); too small: 500×281 (min 320px on short side)(219)
baboon genus,papio,genus,129,2341,3,0,2473,4156,1978,excellent,0,no animal detected (conf ≥ 0.6)(389); quality_grade 'needs_id' ∉ {'research'}(162); too small: 500×281 (min 320px on short side)(156)
golden mantled ground squirrel,callospermophilus lateralis,species,71,2621,0,0,2692,3639,2154,excellent,0,no animal detected (conf ≥ 0.6)(192); too small: 281×500 (min 320px on short side)(102); prediction_source 'classifier+rollup_to_family' (need 'classifier')(97)
domestic dog,canis familiaris,species,181,2101,0,446,2728,9087,2182,excellent,0,quality_grade 'casual' ∉ {'research'}(4797); no animal detected (conf ≥ 0.6)(486); too small: 500×281 (min 320px on short side)(172)
howler monkey genus,alouatta,genus,28,3017,1,0,3046,4798,2437,excellent,0,no animal detected (conf ≥ 0.6)(713); quality_grade 'needs_id' ∉ {'research'}(157); prediction_source 'classifier+rollup_to_order' (need 'classifier')(120)
eastern grey kangaroo,macropus giganteus,species,183,2569,0,441,3193,4507,2554,excellent,0,too small: 500×281 (min 320px on short side)(168); no animal detected (conf ≥ 0.6)(136); too small: 281×500 (min 320px on short side)(67)
plains zebra,equus quagga,species,255,2501,3,457,3216,4392,2573,excellent,0,quality_grade 'casual' ∉ {'research'}(233); too small: 500×281 (min 320px on short side)(74); no animal detected (conf ≥ 0.6)(57)
bighorn sheep,ovis canadensis,species,163,3118,0,0,3281,4984,2625,excellent,0,no animal detected (conf ≥ 0.6)(381); quality_grade 'needs_id' ∉ {'research'}(152); too small: 500×281 (min 320px on short side)(147)
european hare,lepus europaeus,species,0,3371,2,0,3373,7135,2698,excellent,0,no animal detected (conf ≥ 0.6)(603); quality_grade 'needs_id' ∉ {'research'}(519); too small: 500×281 (min 320px on short side)(322)
north american river otter,lontra canadensis,species,60,2854,0,459,3373,8341,2698,excellent,0,no animal detected (conf ≥ 0.6)(1828); quality_grade 'needs_id' ∉ {'research'}(684); too small: 500×281 (min 320px on short side)(179)
nutria,myocastor coypus,species,175,3218,1,0,3394,6029,2715,excellent,0,no animal detected (conf ≥ 0.6)(874); too small: 500×281 (min 320px on short side)(216); too small: 281×500 (min 320px on short side)(124)
muskrat,ondatra zibethicus,species,67,3412,0,0,3479,8926,2783,excellent,0,no animal detected (conf ≥ 0.6)(2197); quality_grade 'needs_id' ∉ {'research'}(351); too small: 500×281 (min 320px on short side)(337)
lion,panthera leo,species,236,2776,8,471,3491,5015,2793,excellent,0,quality_grade 'casual' ∉ {'research'}(365); no animal detected (conf ≥ 0.6)(334); too small: 500×281 (min 320px on short side)(107)
wild boar,sus scrofa,species,123,3196,3,460,3782,10636,3026,excellent,0,no animal detected (conf ≥ 0.6)(1932); quality_grade 'needs_id' ∉ {'research'}(1328); too small: 500×281 (min 320px on short side)(744)
beaver genus,castor,genus,16,3776,0,0,3792,20832,3034,excellent,0,no animal detected (conf ≥ 0.6)(11576); quality_grade 'needs_id' ∉ {'research'}(1390); too small: 281×500 (min 320px on short side)(1053)
muridae family,muridae,family,0,4010,11,0,4021,13389,3217,excellent,0,quality_grade 'needs_id' ∉ {'research'}(5810); no animal detected (conf ≥ 0.6)(1150); too small: 500×281 (min 320px on short side)(356)
woodchuck,marmota monax,species,173,4045,0,0,4218,6859,3374,excellent,0,no animal detected (conf ≥ 0.6)(694); too small: 500×281 (min 320px on short side)(325); too small: 281×500 (min 320px on short side)(215)
american black bear,ursus americanus,species,134,3785,5,306,4230,11267,3384,excellent,0,no animal detected (conf ≥ 0.6)(2700); quality_grade 'needs_id' ∉ {'research'}(1746); too small: 500×281 (min 320px on short side)(495)
moose,alces alces,species,121,3777,7,473,4378,11728,3502,excellent,0,no animal detected (conf ≥ 0.6)(2829); quality_grade 'needs_id' ∉ {'research'}(1387); too small: 500×281 (min 320px on short side)(1341)
hedgehog family,erinaceidae,family,0,4420,2,0,4422,9311,3538,excellent,0,quality_grade 'needs_id' ∉ {'research'}(1240); no animal detected (conf ≥ 0.6)(1216); too small: 500×281 (min 320px on short side)(1015)
african elephant,loxodonta africana,species,250,3797,249,473,4769,6410,3815,excellent,0,quality_grade 'casual' ∉ {'research'}(277); no animal detected (conf ≥ 0.6)(201); too small: 500×281 (min 320px on short side)(166)
opossum family,didelphidae,family,0,4952,6,0,4958,13500,3966,excellent,0,no animal detected (conf ≥ 0.6)(2294); too small: 500×281 (min 320px on short side)(1778); quality_grade 'needs_id' ∉ {'research'}(879)
rattus genus,rattus,genus,28,5146,1,0,5175,14277,4140,excellent,0,quality_grade 'needs_id' ∉ {'research'}(5096); no animal detected (conf ≥ 0.6)(1239); too small: 500×281 (min 320px on short side)(494)
hares and jackrabbits genus,lepus,genus,55,5206,7,0,5268,11925,4214,excellent,0,quality_grade 'needs_id' ∉ {'research'}(2206); no animal detected (conf ≥ 0.6)(1109); too small: 500×281 (min 320px on short side)(607)
california ground squirrel,otospermophilus beecheyi,species,37,5559,0,0,5596,8190,4477,excellent,0,no animal detected (conf ≥ 0.6)(816); too small: 281×500 (min 320px on short side)(219); quality_grade 'needs_id' ∉ {'research'}(153)
cricetidae family,cricetidae,family,3,6066,15,0,6084,20382,4867,excellent,0,quality_grade 'needs_id' ∉ {'research'}(10384); no animal detected (conf ≥ 0.6)(1605); too small: 500×281 (min 320px on short side)(282)
european rabbit,oryctolagus cuniculus,species,108,5675,2,435,6220,11554,4976,excellent,0,no animal detected (conf ≥ 0.6)(1292); quality_grade 'needs_id' ∉ {'research'}(483); quality_grade 'casual' ∉ {'research'}(398)
kangaroo family,macropodidae,family,594,5307,9,441,6351,9592,5081,excellent,0,no animal detected (conf ≥ 0.6)(421); quality_grade 'casual' ∉ {'research'}(284); prediction_source 'classifier+rollup_to_genus' (need 'classifier')(275)
elk,cervus canadensis,species,137,5800,4,473,6414,11591,5131,excellent,0,no animal detected (conf ≥ 0.6)(804); quality_grade 'needs_id' ∉ {'research'}(718); too small: 500×281 (min 320px on short side)(340)
european roe deer,capreolus capreolus,species,149,6517,0,473,7139,14924,5711,excellent,0,too small: 500×281 (min 320px on short side)(1395); no animal detected (conf ≥ 0.6)(1329); quality_grade 'needs_id' ∉ {'research'}(1087)
macaque species,macaca,genus,758,6926,7,0,7691,12136,6153,excellent,0,no animal detected (conf ≥ 0.6)(688); prediction_source 'classifier+rollup_to_genus' (need 'classifier')(507); too small: 500×281 (min 320px on short side)(437)
chipmunk genus,tamias,genus,163,7069,3,477,7712,11390,6170,excellent,0,no animal detected (conf ≥ 0.6)(1138); too small: 500×281 (min 320px on short side)(475); too small: 281×500 (min 320px on short side)(230)
cottontail rabbits genus,sylvilagus,genus,66,7988,6,0,8060,15231,6448,excellent,0,quality_grade 'needs_id' ∉ {'research'}(4791); no animal detected (conf ≥ 0.6)(632); too small: 281×500 (min 320px on short side)(144)
coyote,canis latrans,species,152,8024,7,0,8183,22237,6546,excellent,0,too small: 500×281 (min 320px on short side)(3719); quality_grade 'needs_id' ∉ {'research'}(3113); no animal detected (conf ≥ 0.6)(2373)
domestic cat,felis catus,species,155,7731,0,427,8313,22664,6650,excellent,0,quality_grade 'casual' ∉ {'research'}(6370); no animal detected (conf ≥ 0.6)(1339); too small: 500×281 (min 320px on short side)(1325)
red squirrel,tamiasciurus hudsonicus,species,126,7753,0,477,8356,13125,6685,excellent,0,no animal detected (conf ≥ 0.6)(1546); too small: 500×281 (min 320px on short side)(647); quality_grade 'needs_id' ∉ {'research'}(319)
northern raccoon,procyon lotor,species,68,8226,2,280,8576,27499,6861,excellent,0,no animal detected (conf ≥ 0.6)(6454); too small: 500×281 (min 320px on short side)(3285); quality_grade 'needs_id' ∉ {'research'}(1817)
eared seals,otariidae,family,0,9872,11,0,9883,18236,7906,excellent,0,no animal detected (conf ≥ 0.6)(2266); quality_grade 'needs_id' ∉ {'research'}(1127); too small: 500×281 (min 320px on short side)(521)
red fox,vulpes vulpes,species,114,9760,3,455,10332,22786,8266,excellent,0,too small: 500×281 (min 320px on short side)(2976); no animal detected (conf ≥ 0.6)(1592); quality_grade 'needs_id' ∉ {'research'}(1374)
eurasian red squirrel,sciurus vulgaris,species,130,9930,2,477,10539,16690,8431,excellent,0,no animal detected (conf ≥ 0.6)(2259); too small: 500×281 (min 320px on short side)(533); too small: 281×500 (min 320px on short side)(438)
eastern cottontail,sylvilagus floridanus,species,0,12262,0,435,12697,20236,10158,excellent,0,quality_grade 'needs_id' ∉ {'research'}(1606); no animal detected (conf ≥ 0.6)(1276); too small: 500×281 (min 320px on short side)(975)
eastern fox squirrel,sciurus niger,species,205,12708,0,477,13390,18264,10712,excellent,0,no animal detected (conf ≥ 0.6)(1416); too small: 500×281 (min 320px on short side)(838); too small: 281×500 (min 320px on short side)(332)
mule deer,odocoileus hemionus,species,206,19921,0,473,20600,32004,16480,excellent,0,no animal detected (conf ≥ 0.6)(2529); quality_grade 'needs_id' ∉ {'research'}(2111); too small: 500×281 (min 320px on short side)(1393)
white-tailed deer,odocoileus virginianus,species,149,27905,5,473,28532,66170,22826,excellent,0,too small: 500×281 (min 320px on short side)(17076); no animal detected (conf ≥ 0.6)(8403); quality_grade 'needs_id' ∉ {'research'}(2040)
squirrel family,sciuridae,family,301,31089,7,477,31874,57414,25499,excellent,0,quality_grade 'needs_id' ∉ {'research'}(8056); no animal detected (conf ≥ 0.6)(5753); too small: 500×281 (min 320px on short side)(2149)
eastern gray squirrel,sciurus carolinensis,species,162,32499,4,477,33142,49830,26514,excellent,0,no animal detected (conf ≥ 0.6)(4316); too small: 500×281 (min 320px on short side)(3834); too small: 281×500 (min 320px on short side)(1181)
