genus_label,genus_scientific,species_scientific,species_common_name,source,inat_observation_count
howler monkey genus,alouatta,alouatta arctoidea,ursine howler monkey,speciesnet+inat,
howler monkey genus,alouatta,alouatta belzebul,red-handed howler monkey,speciesnet+inat,
howler monkey genus,alouatta,alouatta caraya,black-and-gold howler monkey,speciesnet+inat,
howler monkey genus,alouatta,alouatta discolor,,inat,
howler monkey genus,alouatta,alouatta guariba,,inat,
howler monkey genus,alouatta,alouatta juara,juruá red howler monkey,speciesnet+inat,
howler monkey genus,alouatta,alouatta macconnelli,,inat,
howler monkey genus,alouatta,alouatta nigerrima,,inat,
howler monkey genus,alouatta,alouatta palliata,mantled howler monkey,speciesnet+inat,
howler monkey genus,alouatta,alouatta pigra,,inat,
howler monkey genus,alouatta,alouatta puruensis,purús red howler monkey,speciesnet+inat,
howler monkey genus,alouatta,alouatta sara,bolivian red howler monkey,speciesnet+inat,
howler monkey genus,alouatta,alouatta seniculus,colombian red howler monkey,speciesnet+inat,
howler monkey genus,alouatta,alouatta ululata,,inat,
hog badger genus,arctonyx,arctonyx albogularis,,inat,
hog badger genus,arctonyx,arctonyx collaris,greater hog badger,speciesnet+inat,
hog badger genus,arctonyx,arctonyx hoevenii,sumatran hog badger,speciesnet+inat,
ateles species,ateles,ateles belzebuth,white-bellied spider monkey,speciesnet+inat,
ateles species,ateles,ateles chamek,black-faced black spider monkey,speciesnet+inat,
ateles species,ateles,ateles fusciceps,,inat,
ateles species,ateles,ateles geoffroyi,,inat,
ateles species,ateles,ateles hybridus,variegated spider monkey,speciesnet+inat,
ateles species,ateles,ateles marginatus,,inat,
ateles species,ateles,ateles paniscus,,inat,
callicebus genus,callicebus,callicebus aureipalatii,,inat,
callicebus genus,callicebus,callicebus baptista,,inat,
callicebus genus,callicebus,callicebus barbarabrownae,,inat,
callicebus genus,callicebus,callicebus bernhardi,,inat,
callicebus genus,callicebus,callicebus brunneus,,inat,
callicebus genus,callicebus,callicebus caligatus,,inat,
callicebus genus,callicebus,callicebus caquetensis,,inat,
callicebus genus,callicebus,callicebus cinerascens,,inat,
callicebus genus,callicebus,callicebus coimbrai,,inat,
callicebus genus,callicebus,callicebus cupreus,,inat,
callicebus genus,callicebus,callicebus discolor,,inat,
callicebus genus,callicebus,callicebus donacophilus,,inat,
callicebus genus,callicebus,callicebus dubius,,inat,
callicebus genus,callicebus,callicebus hoffmannsi,,inat,
callicebus genus,callicebus,callicebus lucifer,,inat,
callicebus genus,callicebus,callicebus lugens,,inat,
callicebus genus,callicebus,callicebus medemi,,inat,
callicebus genus,callicebus,callicebus melanochir,,inat,
callicebus genus,callicebus,callicebus modestus,,inat,
callicebus genus,callicebus,callicebus moloch,,inat,
callicebus genus,callicebus,callicebus nigrifrons,,inat,
callicebus genus,callicebus,callicebus oenanthe,,inat,
callicebus genus,callicebus,callicebus olallae,,inat,
callicebus genus,callicebus,callicebus ornatus,,inat,
callicebus genus,callicebus,callicebus pallescens,,inat,
callicebus genus,callicebus,callicebus personatus,,inat,
callicebus genus,callicebus,callicebus purinus,,inat,
callicebus genus,callicebus,callicebus regulus,,inat,
callicebus genus,callicebus,callicebus stephennashi,,inat,
callicebus genus,callicebus,callicebus torquatus,,inat,
callithrix species,callithrix,callibella humilis,,inat,
callithrix species,callithrix,callithrix aurita,,inat,
callithrix species,callithrix,callithrix flaviceps,,inat,
callithrix species,callithrix,callithrix geoffroyi,,inat,
callithrix species,callithrix,callithrix jacchus,common marmoset,speciesnet+inat,
callithrix species,callithrix,callithrix jachus,,inat,
callithrix species,callithrix,callithrix kuhlii,,inat,
callithrix species,callithrix,callithrix penicillata,,inat,
callithrix species,callithrix,callithrix pygmaea,,inat,
callithrix species,callithrix,mico acariensis,,inat,
callithrix species,callithrix,mico argentatus,,inat,
callithrix species,callithrix,mico chrysoleucos,,inat,
callithrix species,callithrix,mico chrysoleucus,,inat,
callithrix species,callithrix,mico emiliae,,inat,
callithrix species,callithrix,mico humeralifer,,inat,
callithrix species,callithrix,mico humilis,,inat,
callithrix species,callithrix,mico intermedius,,inat,
callithrix species,callithrix,mico leucippe,,inat,
callithrix species,callithrix,mico manicorensis,,inat,
callithrix species,callithrix,mico marcai,,inat,
callithrix species,callithrix,mico mauesi,,inat,
callithrix species,callithrix,mico melanurus,black-tailed marmoset,speciesnet+inat,
callithrix species,callithrix,mico munduruku,,inat,
callithrix species,callithrix,mico nigriceps,,inat,
callithrix species,callithrix,mico rondoni,rondon's marmoset,speciesnet+inat,
callithrix species,callithrix,mico saterei,,inat,
callithrix species,callithrix,mico schneideri,,inat,
beaver genus,castor,castor canadensis,american beaver,speciesnet+inat,
beaver genus,castor,castor fiber,eurasian beaver,speciesnet+inat,
cebus species,cebus,cebus aequatorialis,,speciesnet+inat,
cebus species,cebus,cebus albifrons,humboldt's white-fronted capuchin,speciesnet+inat,
cebus species,cebus,cebus apella,,inat,
cebus species,cebus,cebus brunneus,,inat,
cebus species,cebus,cebus capucinus,colombian white-throated capuchin,speciesnet+inat,
cebus species,cebus,cebus castaneus,,inat,
cebus species,cebus,cebus cay,,inat,
cebus species,cebus,cebus cesarae,,speciesnet+inat,
cebus species,cebus,cebus cuscinus,,speciesnet+inat,
cebus species,cebus,cebus flavius,,inat,
cebus species,cebus,cebus imitator,panamanian white-faced capuchin,speciesnet+inat,
cebus species,cebus,cebus kaapori,ka'apor capuchin,speciesnet+inat,
cebus species,cebus,cebus leucocephalus,,inat,
cebus species,cebus,cebus libidinosus,,inat,
cebus species,cebus,cebus macrocephalus,,inat,
cebus species,cebus,cebus malitiosus,,speciesnet+inat,
cebus species,cebus,cebus nigritus,,inat,
cebus species,cebus,cebus olivaceus,,inat,
cebus species,cebus,cebus robustus,,inat,
cebus species,cebus,cebus trinitatis,,inat,
cebus species,cebus,cebus unicolor,,inat,
cebus species,cebus,cebus versicolor,,speciesnet+inat,
cebus species,cebus,cebus xanthosternos,,inat,
cebus species,cebus,cebus yuracus,andean white-fronted capuchin,speciesnet+inat,
cebus species,cebus,sapajus apella,margarita island capuchin,speciesnet+inat,
cebus species,cebus,sapajus cay,azaras's capuchin,speciesnet+inat,
cebus species,cebus,sapajus flavius,,inat,
cebus species,cebus,sapajus libidinosus,bearded capuchin,speciesnet+inat,
cebus species,cebus,sapajus macrocephalus,large-headed capuchin,speciesnet+inat,
cebus species,cebus,sapajus nigritus,,inat,
cebus species,cebus,sapajus robustus,,inat,
cebus species,cebus,sapajus xanthosternos,,inat,
cephalophus species,cephalophus,cephalophus adersi,aders' duiker,speciesnet+inat,
cephalophus species,cephalophus,cephalophus brookei,,inat,
cephalophus species,cephalophus,cephalophus callipygus,peters' duiker,speciesnet+inat,
cephalophus species,cephalophus,cephalophus dorsalis,bay duiker,speciesnet+inat,
cephalophus species,cephalophus,cephalophus harveyi,harvey's duiker,speciesnet+inat,
cephalophus species,cephalophus,cephalophus jentinki,,inat,
cephalophus species,cephalophus,cephalophus leucogaster,white-bellied duiker,speciesnet+inat,
cephalophus species,cephalophus,cephalophus natalensis,natal red duiker,speciesnet+inat,
cephalophus species,cephalophus,cephalophus niger,,inat,
cephalophus species,cephalophus,cephalophus nigrifrons,black-fronted duiker,speciesnet+inat,
cephalophus species,cephalophus,cephalophus ogilbyi,ogilby's duiker,speciesnet+inat,
cephalophus species,cephalophus,cephalophus rufilatus,,inat,
cephalophus species,cephalophus,cephalophus silvicultor,yellow-backed duiker,speciesnet+inat,
cephalophus species,cephalophus,cephalophus spadix,abbott's duiker,speciesnet+inat,
cephalophus species,cephalophus,cephalophus weynsi,weyns's duiker,speciesnet+inat,
cephalophus species,cephalophus,cephalophus zebra,,inat,
mangabeys genus,cercocebus,cercocebus agilis,agile mangabey,speciesnet+inat,
mangabeys genus,cercocebus,cercocebus atys,,speciesnet+inat,
mangabeys genus,cercocebus,cercocebus chrysogaster,,inat,
mangabeys genus,cercocebus,cercocebus galeritus,,inat,
mangabeys genus,cercocebus,cercocebus lunulatus,,inat,
mangabeys genus,cercocebus,cercocebus sanjei,sanje river mangabey,speciesnet+inat,
mangabeys genus,cercocebus,cercocebus torquatus,red-capped mangabey,speciesnet+inat,
mangabeys genus,cercocebus,lophocebus albigena,grey-cheeked mangabey,speciesnet+inat,
mangabeys genus,cercocebus,lophocebus aterrimus,,inat,
mangabeys genus,cercocebus,lophocebus johnstoni,,inat,
mangabeys genus,cercocebus,lophocebus opdenboschi,,inat,
mangabeys genus,cercocebus,lophocebus osmani,,inat,
mangabeys genus,cercocebus,lophocebus ugandae,,speciesnet+inat,
cercopithecus species,cercopithecus,allochrocebus lhoesti,l'hoest's monkey,speciesnet+inat,
cercopithecus species,cercopithecus,allochrocebus preussi,,inat,
cercopithecus species,cercopithecus,allochrocebus solatus,,inat,
cercopithecus species,cercopithecus,cercopithecus albogularis,,inat,
cercopithecus species,cercopithecus,cercopithecus ascanius,red-tailed monkey,speciesnet+inat,
cercopithecus species,cercopithecus,cercopithecus campbelli,,speciesnet+inat,
cercopithecus species,cercopithecus,cercopithecus cephus,moustached monkey,speciesnet+inat,
cercopithecus species,cercopithecus,cercopithecus denti,dent's monkey,speciesnet+inat,
cercopithecus species,cercopithecus,cercopithecus diana,,speciesnet+inat,
cercopithecus species,cercopithecus,cercopithecus dryas,,inat,
cercopithecus species,cercopithecus,cercopithecus erythrogaster,red-bellied monkey,speciesnet+inat,
cercopithecus species,cercopithecus,cercopithecus erythrotis,,inat,
cercopithecus species,cercopithecus,cercopithecus hamlyni,owl-faced monkey,speciesnet+inat,
cercopithecus species,cercopithecus,cercopithecus lhoesti,,inat,
cercopithecus species,cercopithecus,cercopithecus lomamiensis,,inat,
cercopithecus species,cercopithecus,cercopithecus lowei,,inat,
cercopithecus species,cercopithecus,cercopithecus mitis,blue monkey,speciesnet+inat,
cercopithecus species,cercopithecus,cercopithecus mona,mona monkey,speciesnet+inat,
cercopithecus species,cercopithecus,cercopithecus neglectus,,inat,
cercopithecus species,cercopithecus,cercopithecus nictitans,putty-nosed monkey,speciesnet+inat,
cercopithecus species,cercopithecus,cercopithecus petaurista,,inat,
cercopithecus species,cercopithecus,cercopithecus pogonias,,speciesnet+inat,
cercopithecus species,cercopithecus,cercopithecus preussi,,inat,
cercopithecus species,cercopithecus,cercopithecus roloway,,inat,
cercopithecus species,cercopithecus,cercopithecus sclateri,,inat,
cercopithecus species,cercopithecus,cercopithecus solatus,,inat,
cercopithecus species,cercopithecus,cercopithecus wolfi,,inat,
colobus species,colobus,colobus angolensis,angolan colobus,speciesnet+inat,
colobus species,colobus,colobus caudatus,,inat,
colobus species,colobus,colobus guereza,guereza,speciesnet+inat,
colobus species,colobus,colobus polykomos,,inat,
colobus species,colobus,colobus satanas,,inat,
colobus species,colobus,colobus vellerosus,,inat,
colobus species,colobus,piliocolobus badius,,speciesnet+inat,
colobus species,colobus,piliocolobus bouvieri,,inat,
colobus species,colobus,piliocolobus epieni,,inat,
colobus species,colobus,piliocolobus foai,,inat,
colobus species,colobus,piliocolobus gordonorum,udzungwa red colobus,speciesnet+inat,
colobus species,colobus,piliocolobus kirkii,,inat,
colobus species,colobus,piliocolobus langi,,inat,
colobus species,colobus,piliocolobus lulindicus,,inat,
colobus species,colobus,piliocolobus oustaleti,,inat,
colobus species,colobus,piliocolobus parmentieri,,inat,
colobus species,colobus,piliocolobus pennantii,,inat,
colobus species,colobus,piliocolobus preussi,,inat,
colobus species,colobus,piliocolobus rufomitratus,,inat,
colobus species,colobus,piliocolobus semlikiensis,,inat,
colobus species,colobus,piliocolobus temminckii,,inat,
colobus species,colobus,piliocolobus tephrosceles,,inat,
colobus species,colobus,piliocolobus tholloni,,inat,
colobus species,colobus,piliocolobus waldronae,,inat,
colobus species,colobus,piliocolobus waldroni,,inat,
agouti genus,dasyprocta,dasyprocta azarae,azara's agouti,speciesnet+inat,
agouti genus,dasyprocta,dasyprocta coibae,coiban agouti,speciesnet+inat,
agouti genus,dasyprocta,dasyprocta cristata,,inat,
agouti genus,dasyprocta,dasyprocta croconota,,inat,
agouti genus,dasyprocta,dasyprocta fuliginosa,black agouti,speciesnet+inat,
agouti genus,dasyprocta,dasyprocta guamara,orinoco agouti,speciesnet+inat,
agouti genus,dasyprocta,dasyprocta iacki,iack's red-rumped agouti,speciesnet+inat,
agouti genus,dasyprocta,dasyprocta kalinowskii,kalinowski agouti,speciesnet+inat,
agouti genus,dasyprocta,dasyprocta leporina,red-rumped agouti,speciesnet+inat,
agouti genus,dasyprocta,dasyprocta mexicana,,inat,
agouti genus,dasyprocta,dasyprocta prymnolopha,black-rumped agouti,speciesnet+inat,
agouti genus,dasyprocta,dasyprocta punctata,central american agouti,speciesnet+inat,
agouti genus,dasyprocta,dasyprocta ruatanica,roatan island agouti,speciesnet+inat,
agouti genus,dasyprocta,dasyprocta variegata,brown agouti,speciesnet+inat,
eulemur species,eulemur,eulemur albifrons,white-fronted lemur,speciesnet+inat,
eulemur species,eulemur,eulemur cinereiceps,,inat,
eulemur species,eulemur,eulemur collaris,,inat,
eulemur species,eulemur,eulemur coronatus,,inat,
eulemur species,eulemur,eulemur flavifrons,,inat,
eulemur species,eulemur,eulemur fulvus,brown lemur,speciesnet+inat,
eulemur species,eulemur,eulemur macaco,,inat,
eulemur species,eulemur,eulemur mongoz,,inat,
eulemur species,eulemur,eulemur rubriventer,red-bellied lemur,speciesnet+inat,
eulemur species,eulemur,eulemur rufifrons,red-fronted brown lemur,speciesnet+inat,
eulemur species,eulemur,eulemur rufus,,inat,
eulemur species,eulemur,eulemur sanfordi,,inat,
eulemur species,eulemur,hapalemur alaotrensis,,inat,
eulemur species,eulemur,hapalemur aureus,golden bamboo lemur,speciesnet+inat,
eulemur species,eulemur,hapalemur griseus,eastern lesser bamboo lemur,speciesnet+inat,
eulemur species,eulemur,hapalemur meridionalis,,inat,
eulemur species,eulemur,hapalemur occidentalis,,inat,
eulemur species,eulemur,hapalemur simus,,inat,
eulemur species,eulemur,microcebus arnholdi,,inat,
eulemur species,eulemur,microcebus berthae,,inat,
eulemur species,eulemur,microcebus bongolavensis,,inat,
eulemur species,eulemur,microcebus boraha,,inat,
eulemur species,eulemur,microcebus danfossi,,inat,
eulemur species,eulemur,microcebus danfossorum,,inat,
eulemur species,eulemur,microcebus ganzhorni,,inat,
eulemur species,eulemur,microcebus gerpi,,inat,
eulemur species,eulemur,microcebus griseorufus,,inat,
eulemur species,eulemur,microcebus jollyae,,inat,
eulemur species,eulemur,microcebus jonahi,,inat,
eulemur species,eulemur,microcebus lehilahytsara,,inat,
eulemur species,eulemur,microcebus macarthurii,,inat,
eulemur species,eulemur,microcebus mamiratra,,inat,
eulemur species,eulemur,microcebus manitatra,,inat,
eulemur species,eulemur,microcebus margotmarshae,,inat,
eulemur species,eulemur,microcebus marohita,,inat,
eulemur species,eulemur,microcebus mittermeieri,,inat,
eulemur species,eulemur,microcebus murinus,grey mouse lemur,speciesnet+inat,
eulemur species,eulemur,microcebus myoxinus,,inat,
eulemur species,eulemur,microcebus ravelobensis,,inat,
eulemur species,eulemur,microcebus rufus,,inat,
eulemur species,eulemur,microcebus sambiranensis,,inat,
eulemur species,eulemur,microcebus simmonsi,,inat,
eulemur species,eulemur,microcebus tanosi,,inat,
eulemur species,eulemur,microcebus tavaratra,,inat,
eulemur species,eulemur,prolemur simus,greater bamboo lemur,speciesnet+inat,
eulemur species,eulemur,propithecus candidus,silky sifaka,speciesnet+inat,
eulemur species,eulemur,propithecus coquereli,,inat,
eulemur species,eulemur,propithecus coronatus,,inat,
eulemur species,eulemur,propithecus deckenii,,inat,
eulemur species,eulemur,propithecus diadema,,inat,
eulemur species,eulemur,propithecus edwardsi,milne-edward's sifaka,speciesnet+inat,
eulemur species,eulemur,propithecus perrieri,,inat,
eulemur species,eulemur,propithecus tattersalli,,inat,
eulemur species,eulemur,propithecus verreauxi,,inat,
genet genus,genetta,genetta abyssinica,,inat,
genet genus,genetta,genetta angolensis,,inat,
genet genus,genetta,genetta bourloni,,inat,
genet genus,genetta,genetta cristata,,inat,
genet genus,genetta,genetta felina,,inat,
genet genus,genetta,genetta fieldiana,,inat,
genet genus,genetta,genetta genetta,common genet,speciesnet+inat,
genet genus,genetta,genetta johnstoni,,inat,
genet genus,genetta,genetta maculata,large-spotted genet,speciesnet+inat,
genet genus,genetta,genetta pardina,,inat,
genet genus,genetta,genetta piscivora,,inat,
genet genus,genetta,genetta poensis,,inat,
genet genus,genetta,genetta servalina,servaline genet,speciesnet+inat,
genet genus,genetta,genetta thierryi,,inat,
genet genus,genetta,genetta tigrina,cape genet,speciesnet+inat,
genet genus,genetta,genetta victoriae,giant genet,speciesnet+inat,
glaucomys species,glaucomys,glaucomys oregonensis,,inat,
glaucomys species,glaucomys,glaucomys sabrinus,carolina flying squirrel,speciesnet+inat,
glaucomys species,glaucomys,glaucomys volans,mexican flying squirrel,speciesnet+inat,
gorilla species,gorilla,gorilla beringei,eastern gorilla,speciesnet+inat,
gorilla species,gorilla,gorilla gorilla,western gorilla,speciesnet+inat,
llama genus,lama,lama glama,llama,speciesnet+inat,
llama genus,lama,lama guanicoe,guanaco,speciesnet+inat,
llama genus,lama,lama pacos,,inat,
llama genus,lama,lama vicugna,,inat,
leopardus species,leopardus,leopardus braccatus,,inat,
leopardus species,leopardus,leopardus colocola,,inat,
leopardus species,leopardus,leopardus colocolo,pampas cat,speciesnet+inat,
leopardus species,leopardus,leopardus emiliae,,inat,
leopardus species,leopardus,leopardus fasciatus,,inat,
leopardus species,leopardus,leopardus garleppi,,inat,
leopardus species,leopardus,leopardus geoffroyi,,inat,
leopardus species,leopardus,leopardus guigna,guiña,speciesnet+inat,
leopardus species,leopardus,leopardus guttulus,southern tiger cat,speciesnet+inat,
leopardus species,leopardus,leopardus jacobita,,inat,
leopardus species,leopardus,leopardus munoai,,inat,
leopardus species,leopardus,leopardus narinensis,,inat,
leopardus species,leopardus,leopardus pajeros,,inat,
leopardus species,leopardus,leopardus pardalis,ocelot,speciesnet+inat,
leopardus species,leopardus,leopardus pardinoides,,inat,
leopardus species,leopardus,leopardus tigrinus,northern tiger cat,speciesnet+inat,
leopardus species,leopardus,leopardus wiedii,margay,speciesnet+inat,
hares and jackrabbits genus,lepus,lepus alleni,antelope jackrabbit,speciesnet+inat,
hares and jackrabbits genus,lepus,lepus altamirae,,inat,
hares and jackrabbits genus,lepus,lepus americanus,snowshoe hare,speciesnet+inat,
hares and jackrabbits genus,lepus,lepus arcticus,,inat,
hares and jackrabbits genus,lepus,lepus brachyurus,,inat,
hares and jackrabbits genus,lepus,lepus californicus,black-tailed jackrabbit,speciesnet+inat,
hares and jackrabbits genus,lepus,lepus callotis,,inat,
hares and jackrabbits genus,lepus,lepus capensis,cape hare,speciesnet+inat,
hares and jackrabbits genus,lepus,lepus castroviejoi,,inat,
hares and jackrabbits genus,lepus,lepus comus,,inat,
hares and jackrabbits genus,lepus,lepus coreanus,,inat,
hares and jackrabbits genus,lepus,lepus corsicanus,corsican hare,speciesnet+inat,
hares and jackrabbits genus,lepus,lepus europaeus,european hare,speciesnet+inat,
hares and jackrabbits genus,lepus,lepus fagani,,inat,
hares and jackrabbits genus,lepus,lepus flavigularis,,inat,
hares and jackrabbits genus,lepus,lepus granatensis,granada hare,speciesnet+inat,
hares and jackrabbits genus,lepus,lepus habessinicus,,inat,
hares and jackrabbits genus,lepus,lepus hainanus,,inat,
hares and jackrabbits genus,lepus,lepus insularis,black jackrabbit,speciesnet+inat,
hares and jackrabbits genus,lepus,lepus mandshuricus,,inat,
hares and jackrabbits genus,lepus,lepus mediterraneus,,inat,
hares and jackrabbits genus,lepus,lepus microtis,,speciesnet+inat,
hares and jackrabbits genus,lepus,lepus nigricollis,indian hare,speciesnet+inat,
hares and jackrabbits genus,lepus,lepus oiostolus,woolly hare,speciesnet+inat,
hares and jackrabbits genus,lepus,lepus othus,,inat,
hares and jackrabbits genus,lepus,lepus peguensis,burmese hare,speciesnet+inat,
hares and jackrabbits genus,lepus,lepus saharae,,inat,
hares and jackrabbits genus,lepus,lepus saxatilis,scrub hare,speciesnet+inat,
hares and jackrabbits genus,lepus,lepus schlumbergeri,,inat,
hares and jackrabbits genus,lepus,lepus sinensis,,inat,
hares and jackrabbits genus,lepus,lepus starcki,,inat,
hares and jackrabbits genus,lepus,lepus starki,,inat,
hares and jackrabbits genus,lepus,lepus tibetanus,,inat,
hares and jackrabbits genus,lepus,lepus timidus,mountain hare,speciesnet+inat,
hares and jackrabbits genus,lepus,lepus tolai,tolai hare,speciesnet+inat,
hares and jackrabbits genus,lepus,lepus townsendii,white-tailed jackrabbit,speciesnet+inat,
hares and jackrabbits genus,lepus,lepus victoriae,african savanna hare,speciesnet+inat,
hares and jackrabbits genus,lepus,lepus yarkandensis,,inat,
lycalopex species,lycalopex,lycalopex culpaeus,culpeo,speciesnet+inat,
lycalopex species,lycalopex,lycalopex fulvipes,,inat,
lycalopex species,lycalopex,lycalopex grisea,,inat,
lycalopex species,lycalopex,lycalopex griseus,argentine gray fox,speciesnet,
lycalopex species,lycalopex,lycalopex gymnocerca,,inat,
lycalopex species,lycalopex,lycalopex sechurae,,inat,
lycalopex species,lycalopex,lycalopex vetula,,inat,
lycalopex species,lycalopex,lycalopex vetulus,hoary fox,speciesnet,
macaque species,macaca,macaca arctoides,stump-tailed macaque,speciesnet+inat,
macaque species,macaca,macaca assamensis,assam macaque,speciesnet+inat,
macaque species,macaca,macaca brunnescens,,inat,
macaque species,macaca,macaca cyclopis,,inat,
macaque species,macaca,macaca fascicularis,common long-tailed macaque,speciesnet+inat,
macaque species,macaca,macaca fuscata,,inat,
macaque species,macaca,macaca hecki,,inat,
macaque species,macaca,macaca leonina,northern pig-tailed macaque,speciesnet+inat,
macaque species,macaca,macaca leucogenys,,inat,
macaque species,macaca,macaca maura,,inat,
macaque species,macaca,macaca mulatta,rhesus monkey,speciesnet+inat,
macaque species,macaca,macaca munzala,,inat,
macaque species,macaca,macaca nemestrina,southern pig-tailed macaque,speciesnet+inat,
macaque species,macaca,macaca nigra,,inat,
macaque species,macaca,macaca nigrescens,,inat,
macaque species,macaca,macaca ochreata,,inat,
macaque species,macaca,macaca pagensis,,inat,
macaque species,macaca,macaca radiata,bonnet macaque,speciesnet+inat,
macaque species,macaca,macaca selai,,inat,
macaque species,macaca,macaca siberu,siberut macaque,speciesnet+inat,
macaque species,macaca,macaca silenus,,inat,
macaque species,macaca,macaca sinica,,inat,
macaque species,macaca,macaca sylvanus,,inat,
macaque species,macaca,macaca thibetana,milne-edwards' macaque,speciesnet+inat,
macaque species,macaca,macaca tonkeana,,inat,
martes species,martes,martes americana,american marten,speciesnet+inat,
martes species,martes,martes caurina,pacific marten,speciesnet+inat,
martes species,martes,martes flavigula,yellow-throated marten,speciesnet+inat,
martes species,martes,martes foina,beech marten,speciesnet+inat,
martes species,martes,martes gwatkinsii,,inat,
martes species,martes,martes martes,pine marten,speciesnet+inat,
martes species,martes,martes melampus,,inat,
martes species,martes,martes pennanti,,inat,
martes species,martes,martes zibellina,,inat,
martes species,martes,pekania pennanti,fisher,speciesnet+inat,
elephant seal,mirounga,mirounga angustirostris,,inat,
elephant seal,mirounga,mirounga leonina,,inat,
muntjac genus,muntiacus,muntiacus atherodes,bornean yellow muntjac,speciesnet+inat,
muntjac genus,muntiacus,muntiacus crinifrons,,inat,
muntjac genus,muntiacus,muntiacus feae,,inat,
muntjac genus,muntiacus,muntiacus gongshanensis,,inat,
muntjac genus,muntiacus,muntiacus montanus,sumatran mountain muntjac,speciesnet+inat,
muntjac genus,muntiacus,muntiacus muntjak,southern red muntjac,speciesnet+inat,
muntjac genus,muntiacus,muntiacus puhoatensis,,inat,
muntjac genus,muntiacus,muntiacus putaoensis,,inat,
muntjac genus,muntiacus,muntiacus reevesi,reeves' muntjac,speciesnet+inat,
muntjac genus,muntiacus,muntiacus rooseveltorum,roosevelts' muntjac,speciesnet+inat,
muntjac genus,muntiacus,muntiacus truongsonensis,annamite muntjac,speciesnet+inat,
muntjac genus,muntiacus,muntiacus vaginalis,northern red muntjac,speciesnet+inat,
muntjac genus,muntiacus,muntiacus vuquangensis,large-antlered muntjac,speciesnet+inat,
weasel species,mustela,mustela africana,,inat,
weasel species,mustela,mustela aistoodonnivalis,,inat,
weasel species,mustela,mustela allegheniensis,,inat,
weasel species,mustela,mustela altaica,altai weasel,speciesnet+inat,
weasel species,mustela,mustela erminea,stoat,speciesnet+inat,
weasel species,mustela,mustela eversmanii,,inat,
weasel species,mustela,mustela felipei,,inat,
weasel species,mustela,mustela formosana,,inat,
weasel species,mustela,mustela frenata,long-tailed weasel,speciesnet+inat,
weasel species,mustela,mustela furo,,inat,
weasel species,mustela,mustela haidarum,,inat,
weasel species,mustela,mustela itatsi,,inat,
weasel species,mustela,mustela kathiah,yellow-bellied weasel,speciesnet+inat,
weasel species,mustela,mustela lutreola,,inat,
weasel species,mustela,mustela lutreolina,indonesian mountain weasel,speciesnet+inat,
weasel species,mustela,mustela mopbie,,inat,
weasel species,mustela,mustela nigripes,,inat,
weasel species,mustela,mustela nivalis,least weasel,speciesnet+inat,
weasel species,mustela,mustela nudipes,malay weasel,speciesnet+inat,
weasel species,mustela,mustela putorius,western polecat,speciesnet+inat,
weasel species,mustela,mustela richardsonii,,inat,
weasel species,mustela,mustela russelliana,,inat,
weasel species,mustela,mustela sibirica,siberian weasel,speciesnet+inat,
weasel species,mustela,mustela strigidorsa,stripe-backed weasel,speciesnet+inat,
weasel species,mustela,mustela subpalmata,,inat,
weasel species,mustela,mustela tonkinensis,,inat,
pikas genus,ochotona,ochotona alpina,,inat,
pikas genus,ochotona,ochotona argentata,,inat,
pikas genus,ochotona,ochotona cansus,,inat,
pikas genus,ochotona,ochotona collaris,,inat,
pikas genus,ochotona,ochotona coreana,,inat,
pikas genus,ochotona,ochotona curzoniae,,inat,
pikas genus,ochotona,ochotona dauurica,,inat,
pikas genus,ochotona,ochotona erythrotis,chinese red pika,speciesnet+inat,
pikas genus,ochotona,ochotona flatcalvariam,,inat,
pikas genus,ochotona,ochotona forresti,,speciesnet+inat,
pikas genus,ochotona,ochotona gaoligongensis,,inat,
pikas genus,ochotona,ochotona gloveri,glover's pika,speciesnet+inat,
pikas genus,ochotona,ochotona himalayana,,inat,
pikas genus,ochotona,ochotona hoffmanni,,inat,
pikas genus,ochotona,ochotona huangensis,,inat,
pikas genus,ochotona,ochotona huanglongensis,,inat,
pikas genus,ochotona,ochotona hyperborea,,speciesnet+inat,
pikas genus,ochotona,ochotona iliensis,,inat,
pikas genus,ochotona,ochotona koslowi,,inat,
pikas genus,ochotona,ochotona ladacensis,,inat,
pikas genus,ochotona,ochotona macrotis,,inat,
pikas genus,ochotona,ochotona mantchurica,,inat,
pikas genus,ochotona,ochotona muliensis,,inat,
pikas genus,ochotona,ochotona nigritia,,inat,
pikas genus,ochotona,ochotona nubrica,,inat,
pikas genus,ochotona,ochotona opaca,,inat,
pikas genus,ochotona,ochotona pallasi,,inat,
pikas genus,ochotona,ochotona pallasii,,inat,
pikas genus,ochotona,ochotona princeps,american pika,speciesnet+inat,
pikas genus,ochotona,ochotona pusilla,,inat,
pikas genus,ochotona,ochotona qionglaiensis,,inat,
pikas genus,ochotona,ochotona roylei,,inat,
pikas genus,ochotona,ochotona roylii,,inat,
pikas genus,ochotona,ochotona rufescens,,inat,
pikas genus,ochotona,ochotona rutila,,inat,
pikas genus,ochotona,ochotona sacraria,,inat,
pikas genus,ochotona,ochotona sikimaria,,inat,
pikas genus,ochotona,ochotona syrinx,,speciesnet+inat,
pikas genus,ochotona,ochotona thibetana,moupin pika,speciesnet+inat,
pikas genus,ochotona,ochotona thomasi,,inat,
pikas genus,ochotona,ochotona turuchanensis,,inat,
pikas genus,ochotona,ochotona vizier,,inat,
baboon genus,papio,papio anubis,olive baboon,speciesnet+inat,
baboon genus,papio,papio cynocephalus,yellow baboon,speciesnet+inat,
baboon genus,papio,papio hamadryas,,inat,
baboon genus,papio,papio kindae,kinda baboon,speciesnet+inat,
baboon genus,papio,papio papio,,inat,
baboon genus,papio,papio ursinus,chacma baboon,speciesnet+inat,
leaf monkeys genus,presbytis,presbytis bicolor,,inat,
leaf monkeys genus,presbytis,presbytis canicrus,,inat,
leaf monkeys genus,presbytis,presbytis chrysomelas,,inat,
leaf monkeys genus,presbytis,presbytis comata,,inat,
leaf monkeys genus,presbytis,presbytis entellus,,inat,
leaf monkeys genus,presbytis,presbytis femoralis,banded surili,speciesnet+inat,
leaf monkeys genus,presbytis,presbytis frontata,white-fronted langur,speciesnet+inat,
leaf monkeys genus,presbytis,presbytis hosei,hose's langur,speciesnet+inat,
leaf monkeys genus,presbytis,presbytis melalophos,sumatran surili,speciesnet+inat,
leaf monkeys genus,presbytis,presbytis mitrata,,inat,
leaf monkeys genus,presbytis,presbytis natunae,,inat,
leaf monkeys genus,presbytis,presbytis percura,,inat,
leaf monkeys genus,presbytis,presbytis potenziani,,inat,
leaf monkeys genus,presbytis,presbytis robinsoni,,inat,
leaf monkeys genus,presbytis,presbytis rubicunda,maroon leaf monkey,speciesnet+inat,
leaf monkeys genus,presbytis,presbytis sabana,,inat,
leaf monkeys genus,presbytis,presbytis siamensis,white-thighed surili,speciesnet+inat,
leaf monkeys genus,presbytis,presbytis siberu,,inat,
leaf monkeys genus,presbytis,presbytis sumatrana,,inat,
leaf monkeys genus,presbytis,presbytis thomasi,thomas's langur,speciesnet+inat,
leaf monkeys genus,presbytis,semnopithecus ajax,,inat,
leaf monkeys genus,presbytis,semnopithecus dussumieri,southern plains gray langur,speciesnet+inat,
leaf monkeys genus,presbytis,semnopithecus entellus,northern plains gray langur,speciesnet+inat,
leaf monkeys genus,presbytis,semnopithecus hector,,inat,
leaf monkeys genus,presbytis,semnopithecus hypoleucos,,speciesnet+inat,
leaf monkeys genus,presbytis,semnopithecus johnii,,inat,
leaf monkeys genus,presbytis,semnopithecus priam,,speciesnet+inat,
leaf monkeys genus,presbytis,semnopithecus schistaceus,,speciesnet+inat,
leaf monkeys genus,presbytis,semnopithecus vetulus,,inat,
leaf monkeys genus,presbytis,trachypithecus auratus,,inat,
leaf monkeys genus,presbytis,trachypithecus barbei,,inat,
leaf monkeys genus,presbytis,trachypithecus crepusculus,,inat,
leaf monkeys genus,presbytis,trachypithecus cristatus,silvery lutung,speciesnet+inat,
leaf monkeys genus,presbytis,trachypithecus delacouri,,inat,
leaf monkeys genus,presbytis,trachypithecus ebenus,,inat,
leaf monkeys genus,presbytis,trachypithecus francoisi,françois's langur,speciesnet+inat,
leaf monkeys genus,presbytis,trachypithecus geei,,inat,
leaf monkeys genus,presbytis,trachypithecus germaini,,inat,
leaf monkeys genus,presbytis,trachypithecus hatinhensis,hatinh langur,speciesnet+inat,
leaf monkeys genus,presbytis,trachypithecus johnii,,inat,
leaf monkeys genus,presbytis,trachypithecus laotum,,inat,
leaf monkeys genus,presbytis,trachypithecus leucocephalus,,inat,
leaf monkeys genus,presbytis,trachypithecus margarita,,inat,
leaf monkeys genus,presbytis,trachypithecus mauritius,,inat,
leaf monkeys genus,presbytis,trachypithecus melamera,,speciesnet+inat,
leaf monkeys genus,presbytis,trachypithecus obscurus,dusky langur,speciesnet+inat,
leaf monkeys genus,presbytis,trachypithecus phayrei,phayre's leaf-monkey,speciesnet+inat,
leaf monkeys genus,presbytis,trachypithecus pileatus,,inat,
leaf monkeys genus,presbytis,trachypithecus poliocephalus,,speciesnet+inat,
leaf monkeys genus,presbytis,trachypithecus popa,,speciesnet+inat,
leaf monkeys genus,presbytis,trachypithecus selangorensis,,inat,
leaf monkeys genus,presbytis,trachypithecus shortridgei,,inat,
leaf monkeys genus,presbytis,trachypithecus vetulus,,inat,
rattus genus,rattus,rattus adustus,,inat,
rattus genus,rattus,rattus andamanensis,,inat,
rattus genus,rattus,rattus annandalei,,inat,
rattus genus,rattus,rattus arfakienis,,inat,
rattus genus,rattus,rattus arfakiensis,,inat,
rattus genus,rattus,rattus argentiventer,,inat,
rattus genus,rattus,rattus arrogans,,inat,
rattus genus,rattus,rattus baluensis,,inat,
rattus genus,rattus,rattus blangorum,,inat,
rattus genus,rattus,rattus bontanus,,inat,
rattus genus,rattus,rattus burrus,,inat,
rattus genus,rattus,rattus ceramicus,,inat,
rattus genus,rattus,rattus colletti,,inat,
rattus genus,rattus,rattus detentus,,inat,
rattus genus,rattus,rattus elaphinus,,inat,
rattus genus,rattus,rattus enganus,,inat,
rattus genus,rattus,rattus everetti,,inat,
rattus genus,rattus,rattus exulans,polynesian rat,speciesnet+inat,
rattus genus,rattus,rattus facetus,,inat,
rattus genus,rattus,rattus feileri,,inat,
rattus genus,rattus,rattus feliceus,,inat,
rattus genus,rattus,rattus flavipectus,,inat,
rattus genus,rattus,rattus fuscipes,bush rat,speciesnet+inat,
rattus genus,rattus,rattus giluwensis,,inat,
rattus genus,rattus,rattus hainaldi,,inat,
rattus genus,rattus,rattus halmaheraensis,,inat,
rattus genus,rattus,rattus hoffmanni,,inat,
rattus genus,rattus,rattus hoogerwerfi,,inat,
rattus genus,rattus,rattus jobiensis,,inat,
rattus genus,rattus,rattus koopmani,,inat,
rattus genus,rattus,rattus korinchi,,inat,
rattus genus,rattus,rattus leucopus,,inat,
rattus genus,rattus,rattus losea,,inat,
rattus genus,rattus,rattus lugens,,inat,
rattus genus,rattus,rattus lutreola,,speciesnet+inat,
rattus genus,rattus,rattus lutreolus,australian swamp rat,speciesnet+inat,
rattus genus,rattus,rattus macleari,,inat,
rattus genus,rattus,rattus marmosurus,,inat,
rattus genus,rattus,rattus mindorensis,,inat,
rattus genus,rattus,rattus mollicomulus,,inat,
rattus genus,rattus,rattus montanus,,inat,
rattus genus,rattus,rattus mordax,,inat,
rattus genus,rattus,rattus morotaiensis,,inat,
rattus genus,rattus,rattus nativitatis,,inat,
rattus genus,rattus,rattus nikenii,,inat,
rattus genus,rattus,rattus niobe,,inat,
rattus genus,rattus,rattus nitidus,,inat,
rattus genus,rattus,rattus norvegicus,brown rat,speciesnet+inat,
rattus genus,rattus,rattus novaeguineae,,inat,
rattus genus,rattus,rattus ombirah,,inat,
rattus genus,rattus,rattus omichlodes,,inat,
rattus genus,rattus,rattus osgoodi,,inat,
rattus genus,rattus,rattus palmarum,,inat,
rattus genus,rattus,rattus pelurus,,inat,
rattus genus,rattus,rattus pococki,,inat,
rattus genus,rattus,rattus praetor,large spiny rat,speciesnet+inat,
rattus genus,rattus,rattus pyctoris,,inat,
rattus genus,rattus,rattus ranjiniae,,inat,
rattus genus,rattus,rattus rattus,house rat,speciesnet+inat,
rattus genus,rattus,rattus richardsoni,,inat,
rattus genus,rattus,rattus sakeratensis,,inat,
rattus genus,rattus,rattus salocco,,inat,
rattus genus,rattus,rattus sanila,,inat,
rattus genus,rattus,rattus satarae,,inat,
rattus genus,rattus,rattus simalurensis,,inat,
rattus genus,rattus,rattus sordidus,,inat,
rattus genus,rattus,rattus steini,,inat,
rattus genus,rattus,rattus stoicus,,inat,
rattus genus,rattus,rattus taliabuensis,,inat,
rattus genus,rattus,rattus tanezumi,oriental house rat,speciesnet+inat,
rattus genus,rattus,rattus tawitawiensis,,inat,
rattus genus,rattus,rattus timorensis,,inat,
rattus genus,rattus,rattus tiomanicus,malaysian field rat,speciesnet+inat,
rattus genus,rattus,rattus tunneyi,,inat,
rattus genus,rattus,rattus vandeuseni,,inat,
rattus genus,rattus,rattus verecundus,,inat,
rattus genus,rattus,rattus villosissimus,,inat,
rattus genus,rattus,rattus xanthurus,,inat,
reedbuck genus,redunca,redunca arundinum,,inat,
reedbuck genus,redunca,redunca fulvorufula,mountain reedbuck,speciesnet+inat,
reedbuck genus,redunca,redunca redunca,bohor reedbuck,speciesnet+inat,
saguinus species,saguinus,leontocebus fuscicollis,saddleback tamarin,speciesnet,
saguinus species,saguinus,saguinus bicolor,,inat,
saguinus species,saguinus,saguinus cruzlimai,,speciesnet+inat,
saguinus species,saguinus,saguinus fuscicollis,,inat,
saguinus species,saguinus,saguinus fuscus,,inat,
saguinus species,saguinus,saguinus geoffroyi,,inat,
saguinus species,saguinus,saguinus illigeri,,inat,
saguinus species,saguinus,saguinus imperator,emperor tamarin,speciesnet+inat,
saguinus species,saguinus,saguinus inustus,,inat,
saguinus species,saguinus,saguinus kulina,,inat,
saguinus species,saguinus,saguinus labiatus,,inat,
saguinus species,saguinus,saguinus lagonotus,,inat,
saguinus species,saguinus,saguinus leucogenys,,inat,
saguinus species,saguinus,saguinus leucopus,,inat,
saguinus species,saguinus,saguinus martinsi,,inat,
saguinus species,saguinus,saguinus melanoleucus,white/crandall's saddleback tamarin,speciesnet+inat,
saguinus species,saguinus,saguinus midas,,inat,
saguinus species,saguinus,saguinus mystax,,inat,
saguinus species,saguinus,saguinus niger,black-handed tamarin,speciesnet+inat,
saguinus species,saguinus,saguinus nigricollis,black mantle tamarin,speciesnet+inat,
saguinus species,saguinus,saguinus nigrifrons,,inat,
saguinus species,saguinus,saguinus oedipus,,inat,
saguinus species,saguinus,saguinus pileatus,,inat,
saguinus species,saguinus,saguinus subgrisescens,,speciesnet+inat,
saguinus species,saguinus,saguinus tripartitus,golden-mantle saddleback tamarin,speciesnet+inat,
saguinus species,saguinus,saguinus ursula,,inat,
saguinus species,saguinus,saguinus weddelli,,inat,
saimiri species,saimiri,saimiri boliviensis,bolivian/peruvian squirrel monkey,speciesnet+inat,
saimiri species,saimiri,saimiri cassiquiarensis,,inat,
saimiri species,saimiri,saimiri collinsi,,inat,
saimiri species,saimiri,saimiri macrodon,,inat,
saimiri species,saimiri,saimiri oerstedii,,inat,
saimiri species,saimiri,saimiri sciureus,common squirrel monkey,speciesnet+inat,
saimiri species,saimiri,saimiri ustus,,inat,
saimiri species,saimiri,saimiri vanzolinii,,inat,
spilogale species,spilogale,spilogale angustifrons,southern spotted skunk,speciesnet+inat,
spilogale species,spilogale,spilogale gracilis,western spotted skunk,speciesnet+inat,
spilogale species,spilogale,spilogale interrupta,,inat,
spilogale species,spilogale,spilogale leucoparia,,inat,
spilogale species,spilogale,spilogale putorius,eastern spotted skunk,speciesnet+inat,
spilogale species,spilogale,spilogale pygmaea,,inat,
spilogale species,spilogale,spilogale yucatanensis,,inat,
cottontail rabbits genus,sylvilagus,sylvilagus andinus,,speciesnet+inat,
cottontail rabbits genus,sylvilagus,sylvilagus apollinaris,,inat,
cottontail rabbits genus,sylvilagus,sylvilagus aquaticus,swamp rabbit,speciesnet+inat,
cottontail rabbits genus,sylvilagus,sylvilagus audubonii,desert cottontail,speciesnet+inat,
cottontail rabbits genus,sylvilagus,sylvilagus bachmani,brush rabbit,speciesnet+inat,
cottontail rabbits genus,sylvilagus,sylvilagus brasiliensis,common tapeti,speciesnet+inat,
cottontail rabbits genus,sylvilagus,sylvilagus cognatus,,inat,
cottontail rabbits genus,sylvilagus,sylvilagus cunicularius,,inat,
cottontail rabbits genus,sylvilagus,sylvilagus daulensis,,inat,
cottontail rabbits genus,sylvilagus,sylvilagus defilippi,,inat,
cottontail rabbits genus,sylvilagus,sylvilagus dicei,,inat,
cottontail rabbits genus,sylvilagus,sylvilagus floridanus,eastern cottontail,speciesnet+inat,
cottontail rabbits genus,sylvilagus,sylvilagus fulvescens,,inat,
cottontail rabbits genus,sylvilagus,sylvilagus gabbi,,speciesnet+inat,
cottontail rabbits genus,sylvilagus,sylvilagus graysoni,,inat,
cottontail rabbits genus,sylvilagus,sylvilagus holzneri,,inat,
cottontail rabbits genus,sylvilagus,sylvilagus hondurensis,,inat,
cottontail rabbits genus,sylvilagus,sylvilagus idahoensis,,inat,
cottontail rabbits genus,sylvilagus,sylvilagus incitatus,,inat,
cottontail rabbits genus,sylvilagus,sylvilagus insolitus,,inat,
cottontail rabbits genus,sylvilagus,sylvilagus insonus,,inat,
cottontail rabbits genus,sylvilagus,sylvilagus mansuetus,,inat,
cottontail rabbits genus,sylvilagus,sylvilagus nicefori,,inat,
cottontail rabbits genus,sylvilagus,sylvilagus nuttallii,mountain cottontail,speciesnet+inat,
cottontail rabbits genus,sylvilagus,sylvilagus obscurus,appalachian cottontail,speciesnet+inat,
cottontail rabbits genus,sylvilagus,sylvilagus palustris,marsh rabbit,speciesnet+inat,
cottontail rabbits genus,sylvilagus,sylvilagus parentum,,speciesnet+inat,
cottontail rabbits genus,sylvilagus,sylvilagus robustus,,inat,
cottontail rabbits genus,sylvilagus,sylvilagus salentus,,inat,
cottontail rabbits genus,sylvilagus,sylvilagus sanctaemartae,,inat,
cottontail rabbits genus,sylvilagus,sylvilagus sanctamartae,,inat,
cottontail rabbits genus,sylvilagus,sylvilagus surdaster,,inat,
cottontail rabbits genus,sylvilagus,sylvilagus tapetillus,,speciesnet+inat,
cottontail rabbits genus,sylvilagus,sylvilagus transitionalis,,inat,
cottontail rabbits genus,sylvilagus,sylvilagus varynaensis,,inat,
cottontail rabbits genus,sylvilagus,sylvilagus yucatanicus,,inat,
chipmunk genus,tamias,eutamias sibiricus,siberian chipmunk,speciesnet+inat,
chipmunk genus,tamias,eutamias umbrinus,,inat,
chipmunk genus,tamias,neotamias alpinus,,inat,
chipmunk genus,tamias,neotamias amoenus,yellow-pine chipmunk,speciesnet+inat,
chipmunk genus,tamias,neotamias bulleri,,inat,
chipmunk genus,tamias,neotamias canipes,,inat,
chipmunk genus,tamias,neotamias cinereicollis,,inat,
chipmunk genus,tamias,neotamias cratericus,,inat,
chipmunk genus,tamias,neotamias dorsalis,cliff chipmunk,speciesnet+inat,
chipmunk genus,tamias,neotamias durangae,,speciesnet+inat,
chipmunk genus,tamias,neotamias grisescens,,inat,
chipmunk genus,tamias,neotamias merriami,merriam's chipmunk,speciesnet+inat,
chipmunk genus,tamias,neotamias minimus,least chipmunk,speciesnet+inat,
chipmunk genus,tamias,neotamias obscurus,california chipmunk,speciesnet+inat,
chipmunk genus,tamias,neotamias ochrogenys,,inat,
chipmunk genus,tamias,neotamias palmeri,,inat,
chipmunk genus,tamias,neotamias panamintinus,,inat,
chipmunk genus,tamias,neotamias quadrimaculatus,,inat,
chipmunk genus,tamias,neotamias quadrivittatus,colorado chipmunk,speciesnet+inat,
chipmunk genus,tamias,neotamias ruficaudus,,inat,
chipmunk genus,tamias,neotamias rufus,,inat,
chipmunk genus,tamias,neotamias senex,shadow chipmunk,speciesnet+inat,
chipmunk genus,tamias,neotamias siskiyou,siskiyou chipmunk,speciesnet+inat,
chipmunk genus,tamias,neotamias solivagus,,inat,
chipmunk genus,tamias,neotamias sonomae,sonoma chipmunk,speciesnet+inat,
chipmunk genus,tamias,neotamias speciosus,lodgepole chipmunk,speciesnet+inat,
chipmunk genus,tamias,neotamias townsendii,townsend's chipmunk,speciesnet+inat,
chipmunk genus,tamias,neotamias umbrinus,uinta chipmunk,speciesnet+inat,
chipmunk genus,tamias,tamias alpinus,,inat,
chipmunk genus,tamias,tamias amoenus,,inat,
chipmunk genus,tamias,tamias bulleri,,inat,
chipmunk genus,tamias,tamias canipes,,inat,
chipmunk genus,tamias,tamias cinereicollis,,inat,
chipmunk genus,tamias,tamias dorsalis,,inat,
chipmunk genus,tamias,tamias durangae,,inat,
chipmunk genus,tamias,tamias merriami,,inat,
chipmunk genus,tamias,tamias minimus,,inat,
chipmunk genus,tamias,tamias obscurus,,inat,
chipmunk genus,tamias,tamias ochrogenys,,inat,
chipmunk genus,tamias,tamias palmeri,,inat,
chipmunk genus,tamias,tamias panamintinus,,inat,
chipmunk genus,tamias,tamias quadrimaculatus,,inat,
chipmunk genus,tamias,tamias quadrivittatus,,inat,
chipmunk genus,tamias,tamias ruficaudus,,inat,
chipmunk genus,tamias,tamias rufus,,inat,
chipmunk genus,tamias,tamias senex,,inat,
chipmunk genus,tamias,tamias sibiricus,,inat,
chipmunk genus,tamias,tamias siskiyou,,inat,
chipmunk genus,tamias,tamias sonomae,,inat,
chipmunk genus,tamias,tamias speciosus,,inat,
chipmunk genus,tamias,tamias striatus,eastern chipmunk,speciesnet+inat,
chipmunk genus,tamias,tamias townsendii,,inat,
chipmunk genus,tamias,tamias umbrinus,,inat,
